circuit_key,compound_code,season,compound_grip_peak,compound_wear_gradient,compound_optimal_temp_low,compound_optimal_temp_high,compound_cliff_onset_laps,compound_cliff_severity,fit_date,data_window,fit_method,git_sha,fit_timestamp,fit_source,n_stints,notes
2018_14,MEDIUM,2018,1.0,0.04,78,105,33.0,1.4,2026-07-30,2018_to_2024,km_survival_v1,9d6b7d4,2026-07-30T13:48:12Z,compound_class_default,1,insufficient data (1 stints); used class defaults
2018_14,SOFT,2018,1.03,0.159,82,108,9.5,0.83,2026-07-30,2018_to_2024,km_survival_v1,9d6b7d4,2026-07-30T13:48:12Z,cox_km_survival,15,fitted from 15 stints via cox_km_survival
70th_anniversary_grand_prix,HARD,2020,0.97,0.116,76,108,14.0,1.02,2026-07-30,2018_to_2024,km_survival_v1,9d6b7d4,2026-07-30T13:48:12Z,cox_km_survival,35,fitted from 35 stints via cox_km_survival
70th_anniversary_grand_prix,MEDIUM,2020,1.0,0.0494,78,105,14.0,1.01,2026-07-30,2018_to_2024,km_survival_v1,9d6b7d4,2026-07-30T13:48:12Z,cox_km_survival,25,fitted from 25 stints via cox_km_survival
70th_anniversary_grand_prix,SOFT,2020,1.03,0.07,82,108,22.0,1.5,2026-07-30,2018_to_2024,km_survival_v1,9d6b7d4,2026-07-30T13:48:12Z,compound_class_default,1,insufficient data (1 stints); used class defaults
abu_dhabi_grand_prix,HARD,2019,0.97,0.0505,76,108,26.0,0.89,2026-07-30,2018_to_2024,km_survival_v1,9d6b7d4,2026-07-30T13:48:12Z,cox_km_survival,19,fitted from 19 stints via cox_km_survival
abu_dhabi_grand_prix,HARD,2020,0.97,0.0347,76,108,32.5,1.2,2026-07-30,2018_to_2024,km_survival_v1,9d6b7d4,2026-07-30T13:48:12Z,cox_km_survival,20,fitted from 20 stints via cox_km_survival
abu_dhabi_grand_prix,HARD,2021,0.97,0.0714,76,108,38.0,0.73,2026-07-30,2018_to_2024,km_survival_v1,9d6b7d4,2026-07-30T13:48:12Z,cox_km_survival,19,fitted from 19 stints via cox_km_survival
abu_dhabi_grand_prix,HARD,2022,0.97,0.0272,76,108,35.0,0.59,2026-07-30,2018_to_2024,km_survival_v1,9d6b7d4,2026-07-30T13:48:12Z,cox_km_survival,23,fitted from 23 stints via cox_km_survival
abu_dhabi_grand_prix,HARD,2023,0.97,0.0314,76,108,25.0,0.7,2026-07-30,2018_to_2024,km_survival_v1,9d6b7d4,2026-07-30T13:48:12Z,cox_km_survival,36,fitted from 36 stints via cox_km_survival
abu_dhabi_grand_prix,HARD,2024,0.97,0.0386,76,108,18.5,0.73,2026-07-30,2018_to_2024,km_survival_v1,9d6b7d4,2026-07-30T13:48:12Z,cox_km_survival,24,fitted from 24 stints via cox_km_survival
abu_dhabi_grand_prix,MEDIUM,2019,1.0,0.1058,78,105,27.0,0.64,2026-07-30,2018_to_2024,km_survival_v1,9d6b7d4,2026-07-30T13:48:12Z,cox_km_survival,17,fitted from 17 stints via cox_km_survival
abu_dhabi_grand_prix,MEDIUM,2020,1.0,0.2451,78,105,8.0,1.35,2026-07-30,2018_to_2024,km_survival_v1,9d6b7d4,2026-07-30T13:48:12Z,cox_km_survival,17,fitted from 17 stints via cox_km_survival
abu_dhabi_grand_prix,MEDIUM,2021,1.0,0.04,78,105,33.0,1.4,2026-07-30,2018_to_2024,km_survival_v1,9d6b7d4,2026-07-30T13:48:12Z,cox_km_survival,13,fitted from 13 stints via cox_km_survival
abu_dhabi_grand_prix,MEDIUM,2022,1.0,0.1188,78,105,13.0,1.07,2026-07-30,2018_to_2024,km_survival_v1,9d6b7d4,2026-07-30T13:48:12Z,cox_km_survival,25,fitted from 25 stints via cox_km_survival
abu_dhabi_grand_prix,MEDIUM,2023,1.0,0.0819,78,105,18.0,0.76,2026-07-30,2018_to_2024,km_survival_v1,9d6b7d4,2026-07-30T13:48:12Z,cox_km_survival,20,fitted from 20 stints via cox_km_survival
abu_dhabi_grand_prix,MEDIUM,2024,1.0,0.1218,78,105,11.8,0.9,2026-07-30,2018_to_2024,km_survival_v1,9d6b7d4,2026-07-30T13:48:12Z,cox_km_survival,16,fitted from 16 stints via cox_km_survival
abu_dhabi_grand_prix,SOFT,2019,1.03,0.1297,82,108,22.0,1.39,2026-07-30,2018_to_2024,km_survival_v1,9d6b7d4,2026-07-30T13:48:12Z,cox_km_survival,9,fitted from 9 stints via cox_km_survival
abu_dhabi_grand_prix,SOFT,2020,1.03,0.0897,82,108,16.0,1.26,2026-07-30,2018_to_2024,km_survival_v1,9d6b7d4,2026-07-30T13:48:12Z,cross_season_fallback,27,insufficient season stints (6); used 27 cross-season stints
abu_dhabi_grand_prix,SOFT,2021,1.03,0.0535,82,108,22.0,0.95,2026-07-30,2018_to_2024,km_survival_v1,9d6b7d4,2026-07-30T13:48:12Z,cox_km_survival,8,fitted from 8 stints via cox_km_survival
abu_dhabi_grand_prix,SOFT,2022,1.03,0.0897,82,108,16.0,1.26,2026-07-30,2018_to_2024,km_survival_v1,9d6b7d4,2026-07-30T13:48:12Z,cross_season_fallback,27,insufficient season stints (3); used 27 cross-season stints
abu_dhabi_grand_prix,SOFT,2024,1.03,0.0897,82,108,16.0,1.26,2026-07-30,2018_to_2024,km_survival_v1,9d6b7d4,2026-07-30T13:48:12Z,cross_season_fallback,27,insufficient season stints (1); used 27 cross-season stints
australian_grand_prix,HARD,2019,0.97,0.0288,76,108,50.0,1.18,2026-07-30,2018_to_2024,km_survival_v1,9d6b7d4,2026-07-30T13:48:12Z,cox_km_survival,8,fitted from 8 stints via cox_km_survival
australian_grand_prix,HARD,2022,0.97,0.022,76,108,32.0,0.73,2026-07-30,2018_to_2024,km_survival_v1,9d6b7d4,2026-07-30T13:48:12Z,cox_km_survival,21,fitted from 21 stints via cox_km_survival
australian_grand_prix,HARD,2023,0.97,0.022,76,108,36.5,1.2,2026-07-30,2018_to_2024,km_survival_v1,9d6b7d4,2026-07-30T13:48:12Z,cox_km_survival,23,fitted from 23 stints via cox_km_survival
australian_grand_prix,HARD,2024,0.97,0.0455,76,108,21.0,0.88,2026-07-30,2018_to_2024,km_survival_v1,9d6b7d4,2026-07-30T13:48:12Z,cox_km_survival,36,fitted from 36 stints via cox_km_survival
australian_grand_prix,MEDIUM,2019,1.0,0.0384,78,105,28.0,0.83,2026-07-30,2018_to_2024,km_survival_v1,9d6b7d4,2026-07-30T13:48:12Z,cox_km_survival,14,fitted from 14 stints via cox_km_survival
australian_grand_prix,MEDIUM,2022,1.0,0.1317,78,105,13.0,0.75,2026-07-30,2018_to_2024,km_survival_v1,9d6b7d4,2026-07-30T13:48:12Z,cox_km_survival,17,fitted from 17 stints via cox_km_survival
australian_grand_prix,MEDIUM,2023,1.0,0.0125,78,105,33.0,1.4,2026-07-30,2018_to_2024,km_survival_v1,9d6b7d4,2026-07-30T13:48:12Z,cox_km_survival,14,fitted from 14 stints via cox_km_survival
australian_grand_prix,MEDIUM,2024,1.0,0.0911,78,105,12.0,0.85,2026-07-30,2018_to_2024,km_survival_v1,9d6b7d4,2026-07-30T13:48:12Z,cox_km_survival,15,fitted from 15 stints via cox_km_survival
australian_grand_prix,SOFT,2018,1.03,0.07,82,108,22.0,1.32,2026-07-30,2018_to_2024,km_survival_v1,9d6b7d4,2026-07-30T13:48:12Z,cox_km_survival,12,fitted from 12 stints via cox_km_survival
australian_grand_prix,SOFT,2019,1.03,0.0176,82,108,22.0,0.69,2026-07-30,2018_to_2024,km_survival_v1,9d6b7d4,2026-07-30T13:48:12Z,cox_km_survival,18,fitted from 18 stints via cox_km_survival
australian_grand_prix,SOFT,2023,1.03,0.0835,82,108,17.5,0.8,2026-07-30,2018_to_2024,km_survival_v1,9d6b7d4,2026-07-30T13:48:12Z,cross_season_fallback,35,insufficient season stints (2); used 35 cross-season stints
australian_grand_prix,SOFT,2024,1.03,0.0835,82,108,17.5,0.8,2026-07-30,2018_to_2024,km_survival_v1,9d6b7d4,2026-07-30T13:48:12Z,cross_season_fallback,35,insufficient season stints (3); used 35 cross-season stints
austrian_grand_prix,HARD,2019,0.97,0.0149,76,108,45.0,1.01,2026-07-30,2018_to_2024,km_survival_v1,9d6b7d4,2026-07-30T13:48:12Z,cox_km_survival,18,fitted from 18 stints via cox_km_survival
austrian_grand_prix,HARD,2020,0.97,0.1684,76,108,50.0,1.5,2026-07-30,2018_to_2024,km_survival_v1,9d6b7d4,2026-07-30T13:48:12Z,cox_km_survival,19,fitted from 19 stints via cox_km_survival
austrian_grand_prix,HARD,2021,0.97,0.0526,76,108,15.0,0.6,2026-07-30,2018_to_2024,km_survival_v1,9d6b7d4,2026-07-30T13:48:12Z,cox_km_survival,27,fitted from 27 stints via cox_km_survival
austrian_grand_prix,HARD,2022,0.97,0.1298,76,108,13.0,0.85,2026-07-30,2018_to_2024,km_survival_v1,9d6b7d4,2026-07-30T13:48:12Z,cox_km_survival,20,fitted from 20 stints via cox_km_survival
austrian_grand_prix,HARD,2023,0.97,0.0568,76,108,16.0,0.9,2026-07-30,2018_to_2024,km_survival_v1,9d6b7d4,2026-07-30T13:48:12Z,cox_km_survival,29,fitted from 29 stints via cox_km_survival
austrian_grand_prix,HARD,2024,0.97,0.0419,76,108,17.0,0.64,2026-07-30,2018_to_2024,km_survival_v1,9d6b7d4,2026-07-30T13:48:12Z,cox_km_survival,27,fitted from 27 stints via cox_km_survival
austrian_grand_prix,MEDIUM,2019,1.0,0.04,78,105,44.0,0.49,2026-07-30,2018_to_2024,km_survival_v1,9d6b7d4,2026-07-30T13:48:12Z,cox_km_survival,14,fitted from 14 stints via cox_km_survival
austrian_grand_prix,MEDIUM,2020,1.0,0.0816,78,105,42.0,1.31,2026-07-30,2018_to_2024,km_survival_v1,9d6b7d4,2026-07-30T13:48:12Z,cox_km_survival,16,fitted from 16 stints via cox_km_survival
austrian_grand_prix,MEDIUM,2021,1.0,0.04,78,105,21.5,0.57,2026-07-30,2018_to_2024,km_survival_v1,9d6b7d4,2026-07-30T13:48:12Z,cox_km_survival,14,fitted from 14 stints via cox_km_survival
austrian_grand_prix,MEDIUM,2022,1.0,0.0553,78,105,14.0,0.63,2026-07-30,2018_to_2024,km_survival_v1,9d6b7d4,2026-07-30T13:48:12Z,cox_km_survival,23,fitted from 23 stints via cox_km_survival
austrian_grand_prix,MEDIUM,2023,1.0,0.0489,78,105,21.8,0.76,2026-07-30,2018_to_2024,km_survival_v1,9d6b7d4,2026-07-30T13:48:12Z,cox_km_survival,30,fitted from 30 stints via cox_km_survival
austrian_grand_prix,MEDIUM,2024,1.0,0.0822,78,105,22.0,0.68,2026-07-30,2018_to_2024,km_survival_v1,9d6b7d4,2026-07-30T13:48:12Z,cox_km_survival,34,fitted from 34 stints via cox_km_survival
austrian_grand_prix,SOFT,2018,1.03,0.0336,82,108,33.0,0.44,2026-07-30,2018_to_2024,km_survival_v1,9d6b7d4,2026-07-30T13:48:12Z,cox_km_survival,18,fitted from 18 stints via cox_km_survival
austrian_grand_prix,SOFT,2019,1.03,0.07,82,108,22.0,0.62,2026-07-30,2018_to_2024,km_survival_v1,9d6b7d4,2026-07-30T13:48:12Z,cox_km_survival,10,fitted from 10 stints via cox_km_survival
austrian_grand_prix,SOFT,2020,1.03,0.07,82,108,15.5,0.33,2026-07-30,2018_to_2024,km_survival_v1,9d6b7d4,2026-07-30T13:48:12Z,cox_km_survival,14,fitted from 14 stints via cox_km_survival
austrian_grand_prix,SOFT,2021,1.03,0.0845,82,108,47.0,0.45,2026-07-30,2018_to_2024,km_survival_v1,9d6b7d4,2026-07-30T13:48:12Z,cross_season_fallback,47,insufficient season stints (4); used 47 cross-season stints
austrian_grand_prix,SOFT,2023,1.03,0.0845,82,108,47.0,0.45,2026-07-30,2018_to_2024,km_survival_v1,9d6b7d4,2026-07-30T13:48:12Z,cross_season_fallback,47,insufficient season stints (0); used 47 cross-season stints
austrian_grand_prix,SOFT,2024,1.03,0.0845,82,108,47.0,0.45,2026-07-30,2018_to_2024,km_survival_v1,9d6b7d4,2026-07-30T13:48:12Z,cross_season_fallback,47,insufficient season stints (1); used 47 cross-season stints
azerbaijan_grand_prix,HARD,2021,0.97,0.1087,76,108,27.0,0.74,2026-07-30,2018_to_2024,km_survival_v1,9d6b7d4,2026-07-30T13:48:12Z,cox_km_survival,21,fitted from 21 stints via cox_km_survival
azerbaijan_grand_prix,HARD,2022,0.97,0.069,76,108,12.5,0.82,2026-07-30,2018_to_2024,km_survival_v1,9d6b7d4,2026-07-30T13:48:12Z,cox_km_survival,25,fitted from 25 stints via cox_km_survival
azerbaijan_grand_prix,HARD,2023,0.97,0.022,76,108,27.0,0.5,2026-07-30,2018_to_2024,km_survival_v1,9d6b7d4,2026-07-30T13:48:12Z,cox_km_survival,21,fitted from 21 stints via cox_km_survival
azerbaijan_grand_prix,HARD,2024,0.97,0.0072,76,108,31.0,0.77,2026-07-30,2018_to_2024,km_survival_v1,9d6b7d4,2026-07-30T13:48:12Z,cox_km_survival,20,fitted from 20 stints via cox_km_survival
azerbaijan_grand_prix,MEDIUM,2019,1.0,0.0546,78,105,20.0,0.62,2026-07-30,2018_to_2024,km_survival_v1,9d6b7d4,2026-07-30T13:48:12Z,cox_km_survival,23,fitted from 23 stints via cox_km_survival
azerbaijan_grand_prix,MEDIUM,2021,1.0,0.0827,78,105,16.0,0.77,2026-07-30,2018_to_2024,km_survival_v1,9d6b7d4,2026-07-30T13:48:12Z,cross_season_fallback,79,insufficient season stints (2); used 79 cross-season stints
azerbaijan_grand_prix,MEDIUM,2022,1.0,0.076,78,105,16.0,1.09,2026-07-30,2018_to_2024,km_survival_v1,9d6b7d4,2026-07-30T13:48:12Z,cox_km_survival,20,fitted from 20 stints via cox_km_survival
azerbaijan_grand_prix,MEDIUM,2023,1.0,0.1068,78,105,33.0,0.39,2026-07-30,2018_to_2024,km_survival_v1,9d6b7d4,2026-07-30T13:48:12Z,cox_km_survival,18,fitted from 18 stints via cox_km_survival
azerbaijan_grand_prix,MEDIUM,2024,1.0,0.1059,78,105,15.0,0.83,2026-07-30,2018_to_2024,km_survival_v1,9d6b7d4,2026-07-30T13:48:12Z,cox_km_survival,16,fitted from 16 stints via cox_km_survival
azerbaijan_grand_prix,SOFT,2018,1.03,0.0076,82,108,22.0,0.66,2026-07-30,2018_to_2024,km_survival_v1,9d6b7d4,2026-07-30T13:48:12Z,cox_km_survival,11,fitted from 11 stints via cox_km_survival
azerbaijan_grand_prix,SOFT,2019,1.03,0.07,82,108,10.0,1.41,2026-07-30,2018_to_2024,km_survival_v1,9d6b7d4,2026-07-30T13:48:12Z,cox_km_survival,22,fitted from 22 stints via cox_km_survival
azerbaijan_grand_prix,SOFT,2021,1.03,0.1693,82,108,10.8,0.81,2026-07-30,2018_to_2024,km_survival_v1,9d6b7d4,2026-07-30T13:48:12Z,cox_km_survival,17,fitted from 17 stints via cox_km_survival
azerbaijan_grand_prix,SOFT,2022,1.03,0.07,82,108,21.0,1.27,2026-07-30,2018_to_2024,km_survival_v1,9d6b7d4,2026-07-30T13:48:12Z,cross_season_fallback,51,insufficient season stints (1); used 51 cross-season stints
azerbaijan_grand_prix,SOFT,2023,1.03,0.07,82,108,21.0,1.27,2026-07-30,2018_to_2024,km_survival_v1,9d6b7d4,2026-07-30T13:48:12Z,cross_season_fallback,51,insufficient season stints (0); used 51 cross-season stints
bahrain_grand_prix,HARD,2019,0.97,0.0619,76,108,24.0,0.74,2026-07-30,2018_to_2024,km_survival_v1,9d6b7d4,2026-07-30T13:48:12Z,cross_season_fallback,124,insufficient season stints (1); used 124 cross-season stints
bahrain_grand_prix,HARD,2020,0.97,0.088,76,108,16.0,0.95,2026-07-30,2018_to_2024,km_survival_v1,9d6b7d4,2026-07-30T13:48:12Z,cox_km_survival,26,fitted from 26 stints via cox_km_survival
bahrain_grand_prix,HARD,2021,0.97,0.0751,76,108,24.0,0.61,2026-07-30,2018_to_2024,km_survival_v1,9d6b7d4,2026-07-30T13:48:12Z,cox_km_survival,20,fitted from 20 stints via cox_km_survival
bahrain_grand_prix,HARD,2022,0.97,0.0619,76,108,24.0,0.74,2026-07-30,2018_to_2024,km_survival_v1,9d6b7d4,2026-07-30T13:48:12Z,cross_season_fallback,124,insufficient season stints (7); used 124 cross-season stints
bahrain_grand_prix,HARD,2023,0.97,0.0871,76,108,13.5,0.83,2026-07-30,2018_to_2024,km_survival_v1,9d6b7d4,2026-07-30T13:48:12Z,cox_km_survival,33,fitted from 33 stints via cox_km_survival
bahrain_grand_prix,HARD,2024,0.97,0.0471,76,108,15.5,0.61,2026-07-30,2018_to_2024,km_survival_v1,9d6b7d4,2026-07-30T13:48:12Z,cox_km_survival,37,fitted from 37 stints via cox_km_survival
bahrain_grand_prix,MEDIUM,2018,1.0,0.1466,78,105,11.0,1.14,2026-07-30,2018_to_2024,km_survival_v1,9d6b7d4,2026-07-30T13:48:12Z,cox_km_survival,10,fitted from 10 stints via cox_km_survival
bahrain_grand_prix,MEDIUM,2019,1.0,0.2155,78,105,10.0,0.93,2026-07-30,2018_to_2024,km_survival_v1,9d6b7d4,2026-07-30T13:48:12Z,cox_km_survival,26,fitted from 26 stints via cox_km_survival
bahrain_grand_prix,MEDIUM,2020,1.0,0.1239,78,105,27.0,0.97,2026-07-30,2018_to_2024,km_survival_v1,9d6b7d4,2026-07-30T13:48:12Z,cox_km_survival,24,fitted from 24 stints via cox_km_survival
bahrain_grand_prix,MEDIUM,2021,1.0,0.0548,78,105,21.0,0.76,2026-07-30,2018_to_2024,km_survival_v1,9d6b7d4,2026-07-30T13:48:12Z,cox_km_survival,25,fitted from 25 stints via cox_km_survival
bahrain_grand_prix,MEDIUM,2022,1.0,0.2383,78,105,9.0,0.78,2026-07-30,2018_to_2024,km_survival_v1,9d6b7d4,2026-07-30T13:48:12Z,cox_km_survival,23,fitted from 23 stints via cox_km_survival
bahrain_grand_prix,MEDIUM,2023,1.0,0.1048,78,105,17.0,0.89,2026-07-30,2018_to_2024,km_survival_v1,9d6b7d4,2026-07-30T13:48:12Z,cross_season_fallback,109,insufficient season stints (1); used 109 cross-season stints
bahrain_grand_prix,SOFT,2018,1.03,0.0394,82,108,36.0,1.1,2026-07-30,2018_to_2024,km_survival_v1,9d6b7d4,2026-07-30T13:48:12Z,cox_km_survival,16,fitted from 16 stints via cox_km_survival
bahrain_grand_prix,SOFT,2019,1.03,0.1245,82,108,21.0,1.03,2026-07-30,2018_to_2024,km_survival_v1,9d6b7d4,2026-07-30T13:48:12Z,cox_km_survival,29,fitted from 29 stints via cox_km_survival
bahrain_grand_prix,SOFT,2020,1.03,0.1233,82,108,15.0,1.0,2026-07-30,2018_to_2024,km_survival_v1,9d6b7d4,2026-07-30T13:48:12Z,cross_season_fallback,161,insufficient season stints (2); used 161 cross-season stints
bahrain_grand_prix,SOFT,2021,1.03,0.0898,82,108,22.0,0.64,2026-07-30,2018_to_2024,km_survival_v1,9d6b7d4,2026-07-30T13:48:12Z,cox_km_survival,9,fitted from 9 stints via cox_km_survival
bahrain_grand_prix,SOFT,2022,1.03,0.1731,82,108,12.0,1.14,2026-07-30,2018_to_2024,km_survival_v1,9d6b7d4,2026-07-30T13:48:12Z,cox_km_survival,47,fitted from 47 stints via cox_km_survival
bahrain_grand_prix,SOFT,2023,1.03,0.1335,82,108,14.0,1.0,2026-07-30,2018_to_2024,km_survival_v1,9d6b7d4,2026-07-30T13:48:12Z,cox_km_survival,33,fitted from 33 stints via cox_km_survival
bahrain_grand_prix,SOFT,2024,1.03,0.0964,82,108,16.0,0.75,2026-07-30,2018_to_2024,km_survival_v1,9d6b7d4,2026-07-30T13:48:12Z,cox_km_survival,25,fitted from 25 stints via cox_km_survival
belgian_grand_prix,HARD,2020,0.97,0.0173,76,108,29.0,1.22,2026-07-30,2018_to_2024,km_survival_v1,9d6b7d4,2026-07-30T13:48:12Z,cox_km_survival,16,fitted from 16 stints via cox_km_survival
belgian_grand_prix,HARD,2022,0.97,0.022,76,108,8.0,0.95,2026-07-30,2018_to_2024,km_survival_v1,9d6b7d4,2026-07-30T13:48:12Z,cox_km_survival,15,fitted from 15 stints via cox_km_survival
belgian_grand_prix,HARD,2023,0.97,0.0987,76,108,26.0,0.94,2026-07-30,2018_to_2024,km_survival_v1,9d6b7d4,2026-07-30T13:48:12Z,cross_season_fallback,58,insufficient season stints (1); used 58 cross-season stints
belgian_grand_prix,HARD,2024,0.97,0.1097,76,108,10.0,0.61,2026-07-30,2018_to_2024,km_survival_v1,9d6b7d4,2026-07-30T13:48:12Z,cox_km_survival,26,fitted from 26 stints via cox_km_survival
belgian_grand_prix,MEDIUM,2018,1.0,0.1868,78,105,12.0,1.15,2026-07-30,2018_to_2024,km_survival_v1,9d6b7d4,2026-07-30T13:48:12Z,cross_season_fallback,120,insufficient season stints (2); used 120 cross-season stints
belgian_grand_prix,MEDIUM,2019,1.0,0.067,78,105,18.0,0.93,2026-07-30,2018_to_2024,km_survival_v1,9d6b7d4,2026-07-30T13:48:12Z,cox_km_survival,18,fitted from 18 stints via cox_km_survival
belgian_grand_prix,MEDIUM,2020,1.0,0.0795,78,105,33.0,0.69,2026-07-30,2018_to_2024,km_survival_v1,9d6b7d4,2026-07-30T13:48:12Z,cox_km_survival,15,fitted from 15 stints via cox_km_survival
belgian_grand_prix,MEDIUM,2022,1.0,0.2381,78,105,10.0,1.2,2026-07-30,2018_to_2024,km_survival_v1,9d6b7d4,2026-07-30T13:48:12Z,cox_km_survival,34,fitted from 34 stints via cox_km_survival
belgian_grand_prix,MEDIUM,2023,1.0,0.2961,78,105,8.0,1.38,2026-07-30,2018_to_2024,km_survival_v1,9d6b7d4,2026-07-30T13:48:12Z,cox_km_survival,26,fitted from 26 stints via cox_km_survival
belgian_grand_prix,MEDIUM,2024,1.0,0.1286,78,105,8.5,0.64,2026-07-30,2018_to_2024,km_survival_v1,9d6b7d4,2026-07-30T13:48:12Z,cox_km_survival,25,fitted from 25 stints via cox_km_survival
belgian_grand_prix,SOFT,2018,1.03,0.0367,82,108,17.0,0.63,2026-07-30,2018_to_2024,km_survival_v1,9d6b7d4,2026-07-30T13:48:12Z,cox_km_survival,14,fitted from 14 stints via cox_km_survival
belgian_grand_prix,SOFT,2019,1.03,0.07,82,108,8.0,1.21,2026-07-30,2018_to_2024,km_survival_v1,9d6b7d4,2026-07-30T13:48:12Z,cox_km_survival,20,fitted from 20 stints via cox_km_survival
belgian_grand_prix,SOFT,2020,1.03,0.1274,82,108,22.0,1.5,2026-07-30,2018_to_2024,km_survival_v1,9d6b7d4,2026-07-30T13:48:12Z,cox_km_survival,8,fitted from 8 stints via cox_km_survival
belgian_grand_prix,SOFT,2022,1.03,0.186,82,108,12.0,1.03,2026-07-30,2018_to_2024,km_survival_v1,9d6b7d4,2026-07-30T13:48:12Z,cross_season_fallback,75,insufficient season stints (4); used 75 cross-season stints
belgian_grand_prix,SOFT,2023,1.03,0.1737,82,108,15.0,1.08,2026-07-30,2018_to_2024,km_survival_v1,9d6b7d4,2026-07-30T13:48:12Z,cox_km_survival,28,fitted from 28 stints via cox_km_survival
belgian_grand_prix,SOFT,2024,1.03,0.186,82,108,12.0,1.03,2026-07-30,2018_to_2024,km_survival_v1,9d6b7d4,2026-07-30T13:48:12Z,cross_season_fallback,75,insufficient season stints (1); used 75 cross-season stints
brazilian_grand_prix,HARD,2019,0.97,0.022,76,108,50.0,1.2,2026-07-30,2018_to_2024,km_survival_v1,9d6b7d4,2026-07-30T13:48:12Z,compound_class_default,5,insufficient data (5 stints); used class defaults
brazilian_grand_prix,MEDIUM,2018,1.0,0.0203,78,105,21.0,0.72,2026-07-30,2018_to_2024,km_survival_v1,9d6b7d4,2026-07-30T13:48:12Z,cox_km_survival,13,fitted from 13 stints via cox_km_survival
brazilian_grand_prix,MEDIUM,2019,1.0,0.0558,78,105,33.0,0.93,2026-07-30,2018_to_2024,km_survival_v1,9d6b7d4,2026-07-30T13:48:12Z,cox_km_survival,22,fitted from 22 stints via cox_km_survival
brazilian_grand_prix,SOFT,2018,1.03,0.0861,82,108,13.0,0.66,2026-07-30,2018_to_2024,km_survival_v1,9d6b7d4,2026-07-30T13:48:12Z,cox_km_survival,14,fitted from 14 stints via cox_km_survival
brazilian_grand_prix,SOFT,2019,1.03,0.056,82,108,19.5,1.12,2026-07-30,2018_to_2024,km_survival_v1,9d6b7d4,2026-07-30T13:48:12Z,cox_km_survival,34,fitted from 34 stints via cox_km_survival
british_grand_prix,HARD,2018,0.97,0.0378,76,108,37.0,0.89,2026-07-30,2018_to_2024,km_survival_v1,9d6b7d4,2026-07-30T13:48:12Z,cross_season_fallback,77,insufficient season stints (2); used 77 cross-season stints
british_grand_prix,HARD,2019,0.97,0.0467,76,108,16.2,0.68,2026-07-30,2018_to_2024,km_survival_v1,9d6b7d4,2026-07-30T13:48:12Z,cox_km_survival,16,fitted from 16 stints via cox_km_survival
british_grand_prix,HARD,2020,0.97,0.022,76,108,37.0,1.04,2026-07-30,2018_to_2024,km_survival_v1,9d6b7d4,2026-07-30T13:48:12Z,cox_km_survival,17,fitted from 17 stints via cox_km_survival
british_grand_prix,HARD,2021,0.97,0.022,76,108,27.0,0.84,2026-07-30,2018_to_2024,km_survival_v1,9d6b7d4,2026-07-30T13:48:12Z,cox_km_survival,19,fitted from 19 stints via cox_km_survival
british_grand_prix,HARD,2022,0.97,0.0273,76,108,50.0,1.2,2026-07-30,2018_to_2024,km_survival_v1,9d6b7d4,2026-07-30T13:48:12Z,cox_km_survival,12,fitted from 12 stints via cox_km_survival
british_grand_prix,HARD,2023,0.97,0.0324,76,108,50.0,0.81,2026-07-30,2018_to_2024,km_survival_v1,9d6b7d4,2026-07-30T13:48:12Z,cox_km_survival,8,fitted from 8 stints via cox_km_survival
british_grand_prix,HARD,2024,0.97,0.0378,76,108,37.0,0.89,2026-07-30,2018_to_2024,km_survival_v1,9d6b7d4,2026-07-30T13:48:12Z,cross_season_fallback,77,insufficient season stints (3); used 77 cross-season stints
british_grand_prix,INTERMEDIATE,2024,0.98,0.055,15,50,5.0,1.31,2026-07-30,2018_to_2024,km_survival_v1,9d6b7d4,2026-07-30T13:48:12Z,cox_km_survival,22,fitted from 22 stints via cox_km_survival
british_grand_prix,MEDIUM,2018,1.0,0.0857,78,105,11.8,0.54,2026-07-30,2018_to_2024,km_survival_v1,9d6b7d4,2026-07-30T13:48:12Z,cox_km_survival,18,fitted from 18 stints via cox_km_survival
british_grand_prix,MEDIUM,2019,1.0,0.1174,78,105,15.0,0.42,2026-07-30,2018_to_2024,km_survival_v1,9d6b7d4,2026-07-30T13:48:12Z,cox_km_survival,19,fitted from 19 stints via cox_km_survival
british_grand_prix,MEDIUM,2020,1.0,0.04,78,105,33.0,1.4,2026-07-30,2018_to_2024,km_survival_v1,9d6b7d4,2026-07-30T13:48:12Z,cox_km_survival,13,fitted from 13 stints via cox_km_survival
british_grand_prix,MEDIUM,2021,1.0,0.0514,78,105,33.0,0.66,2026-07-30,2018_to_2024,km_survival_v1,9d6b7d4,2026-07-30T13:48:12Z,cox_km_survival,20,fitted from 20 stints via cox_km_survival
british_grand_prix,MEDIUM,2022,1.0,0.0375,78,105,33.0,0.66,2026-07-30,2018_to_2024,km_survival_v1,9d6b7d4,2026-07-30T13:48:12Z,cox_km_survival,18,fitted from 18 stints via cox_km_survival
british_grand_prix,MEDIUM,2023,1.0,0.063,78,105,14.0,0.5,2026-07-30,2018_to_2024,km_survival_v1,9d6b7d4,2026-07-30T13:48:12Z,cox_km_survival,18,fitted from 18 stints via cox_km_survival
british_grand_prix,MEDIUM,2024,1.0,0.1254,78,105,16.0,1.47,2026-07-30,2018_to_2024,km_survival_v1,9d6b7d4,2026-07-30T13:48:12Z,cox_km_survival,24,fitted from 24 stints via cox_km_survival
british_grand_prix,SOFT,2018,1.03,0.07,82,108,21.8,0.58,2026-07-30,2018_to_2024,km_survival_v1,9d6b7d4,2026-07-30T13:48:12Z,cox_km_survival,25,fitted from 25 stints via cox_km_survival
british_grand_prix,SOFT,2019,1.03,0.07,82,108,18.0,0.63,2026-07-30,2018_to_2024,km_survival_v1,9d6b7d4,2026-07-30T13:48:12Z,cox_km_survival,11,fitted from 11 stints via cox_km_survival
british_grand_prix,SOFT,2020,1.03,0.1125,82,108,15.8,0.92,2026-07-30,2018_to_2024,km_survival_v1,9d6b7d4,2026-07-30T13:48:12Z,cross_season_fallback,88,insufficient season stints (6); used 88 cross-season stints
british_grand_prix,SOFT,2021,1.03,0.1125,82,108,15.8,0.92,2026-07-30,2018_to_2024,km_survival_v1,9d6b7d4,2026-07-30T13:48:12Z,cross_season_fallback,88,insufficient season stints (1); used 88 cross-season stints
british_grand_prix,SOFT,2022,1.03,0.1659,82,108,11.5,1.28,2026-07-30,2018_to_2024,km_survival_v1,9d6b7d4,2026-07-30T13:48:12Z,cox_km_survival,16,fitted from 16 stints via cox_km_survival
british_grand_prix,SOFT,2023,1.03,0.0773,82,108,16.0,0.7,2026-07-30,2018_to_2024,km_survival_v1,9d6b7d4,2026-07-30T13:48:12Z,cox_km_survival,17,fitted from 17 stints via cox_km_survival
british_grand_prix,SOFT,2024,1.03,0.1797,82,108,13.0,1.09,2026-07-30,2018_to_2024,km_survival_v1,9d6b7d4,2026-07-30T13:48:12Z,cox_km_survival,12,fitted from 12 stints via cox_km_survival
canadian_grand_prix,HARD,2019,0.97,0.0418,76,108,20.0,0.63,2026-07-30,2018_to_2024,km_survival_v1,9d6b7d4,2026-07-30T13:48:12Z,cox_km_survival,20,fitted from 20 stints via cox_km_survival
canadian_grand_prix,HARD,2022,0.97,0.0292,76,108,34.0,0.63,2026-07-30,2018_to_2024,km_survival_v1,9d6b7d4,2026-07-30T13:48:12Z,cox_km_survival,30,fitted from 30 stints via cox_km_survival
canadian_grand_prix,HARD,2023,0.97,0.0268,76,108,24.0,0.46,2026-07-30,2018_to_2024,km_survival_v1,9d6b7d4,2026-07-30T13:48:12Z,cox_km_survival,28,fitted from 28 stints via cox_km_survival
canadian_grand_prix,HARD,2024,0.97,0.0288,76,108,51.0,0.61,2026-07-30,2018_to_2024,km_survival_v1,9d6b7d4,2026-07-30T13:48:12Z,cross_season_fallback,83,insufficient season stints (5); used 83 cross-season stints
canadian_grand_prix,INTERMEDIATE,2024,0.98,0.055,15,50,30.0,0.51,2026-07-30,2018_to_2024,km_survival_v1,9d6b7d4,2026-07-30T13:48:12Z,cox_km_survival,36,fitted from 36 stints via cox_km_survival
canadian_grand_prix,MEDIUM,2019,1.0,0.2084,78,105,27.0,0.57,2026-07-30,2018_to_2024,km_survival_v1,9d6b7d4,2026-07-30T13:48:12Z,cox_km_survival,14,fitted from 14 stints via cox_km_survival
canadian_grand_prix,MEDIUM,2022,1.0,0.0642,78,105,33.0,1.14,2026-07-30,2018_to_2024,km_survival_v1,9d6b7d4,2026-07-30T13:48:12Z,cox_km_survival,21,fitted from 21 stints via cox_km_survival
canadian_grand_prix,MEDIUM,2023,1.0,0.0569,78,105,33.0,0.67,2026-07-30,2018_to_2024,km_survival_v1,9d6b7d4,2026-07-30T13:48:12Z,cox_km_survival,21,fitted from 21 stints via cox_km_survival
canadian_grand_prix,MEDIUM,2024,1.0,0.04,78,105,33.0,0.53,2026-07-30,2018_to_2024,km_survival_v1,9d6b7d4,2026-07-30T13:48:12Z,cox_km_survival,17,fitted from 17 stints via cox_km_survival
canadian_grand_prix,SOFT,2019,1.03,0.07,82,108,22.0,1.5,2026-07-30,2018_to_2024,km_survival_v1,9d6b7d4,2026-07-30T13:48:12Z,compound_class_default,5,insufficient data (5 stints); used class defaults
canadian_grand_prix,SOFT,2023,1.03,0.07,82,108,22.0,1.5,2026-07-30,2018_to_2024,km_survival_v1,9d6b7d4,2026-07-30T13:48:12Z,compound_class_default,1,insufficient data (1 stints); used class defaults
canadian_grand_prix,WET,2024,0.95,0.08,10,40,20.0,1.45,2026-07-30,2018_to_2024,km_survival_v1,9d6b7d4,2026-07-30T13:48:12Z,compound_class_default,2,insufficient data (2 stints); used class defaults
chinese_grand_prix,HARD,2019,0.97,0.0683,76,108,22.0,0.75,2026-07-30,2018_to_2024,km_survival_v1,9d6b7d4,2026-07-30T13:48:12Z,cox_km_survival,19,fitted from 19 stints via cox_km_survival
chinese_grand_prix,HARD,2024,0.97,0.1095,76,108,15.0,0.75,2026-07-30,2018_to_2024,km_survival_v1,9d6b7d4,2026-07-30T13:48:12Z,cox_km_survival,24,fitted from 24 stints via cox_km_survival
chinese_grand_prix,MEDIUM,2018,1.0,0.0769,78,105,13.0,1.02,2026-07-30,2018_to_2024,km_survival_v1,9d6b7d4,2026-07-30T13:48:12Z,cox_km_survival,12,fitted from 12 stints via cox_km_survival
chinese_grand_prix,MEDIUM,2019,1.0,0.0616,78,105,19.0,0.91,2026-07-30,2018_to_2024,km_survival_v1,9d6b7d4,2026-07-30T13:48:12Z,cox_km_survival,23,fitted from 23 stints via cox_km_survival
chinese_grand_prix,MEDIUM,2024,1.0,0.1745,78,105,11.0,0.92,2026-07-30,2018_to_2024,km_survival_v1,9d6b7d4,2026-07-30T13:48:12Z,cox_km_survival,27,fitted from 27 stints via cox_km_survival
chinese_grand_prix,SOFT,2018,1.03,0.1385,82,108,36.0,0.42,2026-07-30,2018_to_2024,km_survival_v1,9d6b7d4,2026-07-30T13:48:12Z,cox_km_survival,19,fitted from 19 stints via cox_km_survival
chinese_grand_prix,SOFT,2019,1.03,0.0717,82,108,22.0,1.14,2026-07-30,2018_to_2024,km_survival_v1,9d6b7d4,2026-07-30T13:48:12Z,cox_km_survival,12,fitted from 12 stints via cox_km_survival
chinese_grand_prix,SOFT,2024,1.03,0.1668,82,108,35.0,0.91,2026-07-30,2018_to_2024,km_survival_v1,9d6b7d4,2026-07-30T13:48:12Z,cross_season_fallback,37,insufficient season stints (6); used 37 cross-season stints
dutch_grand_prix,HARD,2021,0.97,0.1338,76,108,13.0,0.94,2026-07-30,2018_to_2024,km_survival_v1,9d6b7d4,2026-07-30T13:48:12Z,cox_km_survival,14,fitted from 14 stints via cox_km_survival
dutch_grand_prix,HARD,2022,0.97,0.2358,76,108,9.0,1.15,2026-07-30,2018_to_2024,km_survival_v1,9d6b7d4,2026-07-30T13:48:12Z,cox_km_survival,17,fitted from 17 stints via cox_km_survival
dutch_grand_prix,HARD,2023,0.97,0.0585,76,108,23.0,0.88,2026-07-30,2018_to_2024,km_survival_v1,9d6b7d4,2026-07-30T13:48:12Z,cross_season_fallback,52,insufficient season stints (1); used 52 cross-season stints
dutch_grand_prix,HARD,2024,0.97,0.0317,76,108,29.0,0.79,2026-07-30,2018_to_2024,km_survival_v1,9d6b7d4,2026-07-30T13:48:12Z,cox_km_survival,20,fitted from 20 stints via cox_km_survival
dutch_grand_prix,INTERMEDIATE,2023,0.98,0.2509,15,50,25.0,0.72,2026-07-30,2018_to_2024,km_survival_v1,9d6b7d4,2026-07-30T13:48:12Z,cox_km_survival,32,fitted from 32 stints via cox_km_survival
dutch_grand_prix,MEDIUM,2021,1.0,0.1817,78,105,24.0,0.57,2026-07-30,2018_to_2024,km_survival_v1,9d6b7d4,2026-07-30T13:48:12Z,cox_km_survival,17,fitted from 17 stints via cox_km_survival
dutch_grand_prix,MEDIUM,2022,1.0,0.0407,78,105,28.0,0.73,2026-07-30,2018_to_2024,km_survival_v1,9d6b7d4,2026-07-30T13:48:12Z,cox_km_survival,25,fitted from 25 stints via cox_km_survival
dutch_grand_prix,MEDIUM,2023,1.0,0.0135,78,105,33.0,0.38,2026-07-30,2018_to_2024,km_survival_v1,9d6b7d4,2026-07-30T13:48:12Z,cox_km_survival,8,fitted from 8 stints via cox_km_survival
dutch_grand_prix,MEDIUM,2024,1.0,0.0745,78,105,17.0,0.98,2026-07-30,2018_to_2024,km_survival_v1,9d6b7d4,2026-07-30T13:48:12Z,cox_km_survival,20,fitted from 20 stints via cox_km_survival
dutch_grand_prix,SOFT,2021,1.03,0.0895,82,108,35.0,0.52,2026-07-30,2018_to_2024,km_survival_v1,9d6b7d4,2026-07-30T13:48:12Z,cox_km_survival,15,fitted from 15 stints via cox_km_survival
dutch_grand_prix,SOFT,2022,1.03,0.0806,82,108,16.0,0.98,2026-07-30,2018_to_2024,km_survival_v1,9d6b7d4,2026-07-30T13:48:12Z,cox_km_survival,38,fitted from 38 stints via cox_km_survival
dutch_grand_prix,SOFT,2023,1.03,0.2864,82,108,13.8,0.76,2026-07-30,2018_to_2024,km_survival_v1,9d6b7d4,2026-07-30T13:48:12Z,cox_km_survival,33,fitted from 33 stints via cox_km_survival
dutch_grand_prix,SOFT,2024,1.03,0.0873,82,108,17.5,0.85,2026-07-30,2018_to_2024,km_survival_v1,9d6b7d4,2026-07-30T13:48:12Z,cross_season_fallback,92,insufficient season stints (6); used 92 cross-season stints
eifel_grand_prix,HARD,2020,0.97,0.022,76,108,50.0,1.2,2026-07-30,2018_to_2024,km_survival_v1,9d6b7d4,2026-07-30T13:48:12Z,compound_class_default,4,insufficient data (4 stints); used class defaults
eifel_grand_prix,MEDIUM,2020,1.0,0.0855,78,105,20.0,0.8,2026-07-30,2018_to_2024,km_survival_v1,9d6b7d4,2026-07-30T13:48:12Z,cox_km_survival,21,fitted from 21 stints via cox_km_survival
eifel_grand_prix,SOFT,2020,1.03,0.1961,82,108,28.0,0.48,2026-07-30,2018_to_2024,km_survival_v1,9d6b7d4,2026-07-30T13:48:12Z,cox_km_survival,26,fitted from 26 stints via cox_km_survival
emilia_romagna_grand_prix,HARD,2020,0.97,0.022,76,108,26.0,0.52,2026-07-30,2018_to_2024,km_survival_v1,9d6b7d4,2026-07-30T13:48:12Z,cox_km_survival,15,fitted from 15 stints via cox_km_survival
emilia_romagna_grand_prix,HARD,2022,0.97,0.0342,76,108,38.0,0.58,2026-07-30,2018_to_2024,km_survival_v1,9d6b7d4,2026-07-30T13:48:12Z,cross_season_fallback,35,insufficient season stints (1); used 35 cross-season stints
emilia_romagna_grand_prix,HARD,2024,0.97,0.0343,76,108,30.0,0.6,2026-07-30,2018_to_2024,km_survival_v1,9d6b7d4,2026-07-30T13:48:12Z,cox_km_survival,19,fitted from 19 stints via cox_km_survival
emilia_romagna_grand_prix,INTERMEDIATE,2021,0.98,0.055,15,50,22.0,1.13,2026-07-30,2018_to_2024,km_survival_v1,9d6b7d4,2026-07-30T13:48:12Z,cox_km_survival,19,fitted from 19 stints via cox_km_survival
emilia_romagna_grand_prix,INTERMEDIATE,2022,0.98,0.055,15,50,12.0,1.49,2026-07-30,2018_to_2024,km_survival_v1,9d6b7d4,2026-07-30T13:48:12Z,cox_km_survival,18,fitted from 18 stints via cox_km_survival
emilia_romagna_grand_prix,MEDIUM,2020,1.0,0.04,78,105,48.0,1.4,2026-07-30,2018_to_2024,km_survival_v1,9d6b7d4,2026-07-30T13:48:12Z,cox_km_survival,15,fitted from 15 stints via cox_km_survival
emilia_romagna_grand_prix,MEDIUM,2021,1.0,0.04,78,105,33.0,0.92,2026-07-30,2018_to_2024,km_survival_v1,9d6b7d4,2026-07-30T13:48:12Z,cox_km_survival,18,fitted from 18 stints via cox_km_survival
emilia_romagna_grand_prix,MEDIUM,2022,1.0,0.04,78,105,33.0,0.36,2026-07-30,2018_to_2024,km_survival_v1,9d6b7d4,2026-07-30T13:48:12Z,cox_km_survival,18,fitted from 18 stints via cox_km_survival
emilia_romagna_grand_prix,MEDIUM,2024,1.0,0.0624,78,105,29.0,1.07,2026-07-30,2018_to_2024,km_survival_v1,9d6b7d4,2026-07-30T13:48:12Z,cox_km_survival,24,fitted from 24 stints via cox_km_survival
emilia_romagna_grand_prix,SOFT,2020,1.03,0.07,82,108,22.0,1.5,2026-07-30,2018_to_2024,km_survival_v1,9d6b7d4,2026-07-30T13:48:12Z,cox_km_survival,19,fitted from 19 stints via cox_km_survival
emilia_romagna_grand_prix,SOFT,2021,1.03,0.1012,82,108,13.5,0.79,2026-07-30,2018_to_2024,km_survival_v1,9d6b7d4,2026-07-30T13:48:12Z,cross_season_fallback,32,insufficient season stints (7); used 32 cross-season stints
emilia_romagna_grand_prix,SOFT,2022,1.03,0.1012,82,108,13.5,0.79,2026-07-30,2018_to_2024,km_survival_v1,9d6b7d4,2026-07-30T13:48:12Z,cross_season_fallback,32,insufficient season stints (4); used 32 cross-season stints
emilia_romagna_grand_prix,SOFT,2024,1.03,0.1012,82,108,13.5,0.79,2026-07-30,2018_to_2024,km_survival_v1,9d6b7d4,2026-07-30T13:48:12Z,cross_season_fallback,32,insufficient season stints (2); used 32 cross-season stints
emilia_romagna_grand_prix,WET,2021,0.95,0.08,10,40,20.0,1.45,2026-07-30,2018_to_2024,km_survival_v1,9d6b7d4,2026-07-30T13:48:12Z,compound_class_default,2,insufficient data (2 stints); used class defaults
french_grand_prix,HARD,2019,0.97,0.0442,76,108,35.0,0.95,2026-07-30,2018_to_2024,km_survival_v1,9d6b7d4,2026-07-30T13:48:12Z,cox_km_survival,20,fitted from 20 stints via cox_km_survival
french_grand_prix,HARD,2021,0.97,0.0864,76,108,14.0,0.8,2026-07-30,2018_to_2024,km_survival_v1,9d6b7d4,2026-07-30T13:48:12Z,cox_km_survival,20,fitted from 20 stints via cox_km_survival
french_grand_prix,HARD,2022,0.97,0.068,76,108,20.8,0.63,2026-07-30,2018_to_2024,km_survival_v1,9d6b7d4,2026-07-30T13:48:12Z,cox_km_survival,23,fitted from 23 stints via cox_km_survival
french_grand_prix,MEDIUM,2019,1.0,0.0991,78,105,14.2,0.39,2026-07-30,2018_to_2024,km_survival_v1,9d6b7d4,2026-07-30T13:48:12Z,cox_km_survival,20,fitted from 20 stints via cox_km_survival
french_grand_prix,MEDIUM,2021,1.0,0.0471,78,105,15.8,1.0,2026-07-30,2018_to_2024,km_survival_v1,9d6b7d4,2026-07-30T13:48:12Z,cox_km_survival,21,fitted from 21 stints via cox_km_survival
french_grand_prix,MEDIUM,2022,1.0,0.1553,78,105,9.0,0.61,2026-07-30,2018_to_2024,km_survival_v1,9d6b7d4,2026-07-30T13:48:12Z,cox_km_survival,21,fitted from 21 stints via cox_km_survival
french_grand_prix,SOFT,2018,1.03,0.1001,82,108,33.0,0.73,2026-07-30,2018_to_2024,km_survival_v1,9d6b7d4,2026-07-30T13:48:12Z,cox_km_survival,12,fitted from 12 stints via cox_km_survival
french_grand_prix,SOFT,2019,1.03,0.1001,82,108,33.0,0.75,2026-07-30,2018_to_2024,km_survival_v1,9d6b7d4,2026-07-30T13:48:12Z,cross_season_fallback,15,insufficient season stints (2); used 15 cross-season stints
french_grand_prix,SOFT,2021,1.03,0.1001,82,108,33.0,0.75,2026-07-30,2018_to_2024,km_survival_v1,9d6b7d4,2026-07-30T13:48:12Z,cross_season_fallback,15,insufficient season stints (1); used 15 cross-season stints
german_grand_prix,INTERMEDIATE,2018,0.98,0.055,15,50,17.0,1.31,2026-07-30,2018_to_2024,km_survival_v1,9d6b7d4,2026-07-30T13:48:12Z,cross_season_fallback,37,insufficient season stints (0); used 37 cross-season stints
german_grand_prix,INTERMEDIATE,2019,0.98,0.055,15,50,17.0,1.31,2026-07-30,2018_to_2024,km_survival_v1,9d6b7d4,2026-07-30T13:48:12Z,cox_km_survival,37,fitted from 37 stints via cox_km_survival
german_grand_prix,MEDIUM,2018,1.0,0.1131,78,105,16.0,1.5,2026-07-30,2018_to_2024,km_survival_v1,9d6b7d4,2026-07-30T13:48:12Z,cox_km_survival,10,fitted from 10 stints via cox_km_survival
german_grand_prix,SOFT,2018,1.03,0.042,82,108,19.0,0.94,2026-07-30,2018_to_2024,km_survival_v1,9d6b7d4,2026-07-30T13:48:12Z,cox_km_survival,16,fitted from 16 stints via cox_km_survival
german_grand_prix,SOFT,2019,1.03,0.07,82,108,22.0,0.54,2026-07-30,2018_to_2024,km_survival_v1,9d6b7d4,2026-07-30T13:48:12Z,cox_km_survival,20,fitted from 20 stints via cox_km_survival
german_grand_prix,WET,2018,0.95,0.08,10,40,20.0,1.45,2026-07-30,2018_to_2024,km_survival_v1,9d6b7d4,2026-07-30T13:48:12Z,compound_class_default,0,insufficient data (0 stints); used class defaults
german_grand_prix,WET,2019,0.95,0.08,10,40,20.0,1.45,2026-07-30,2018_to_2024,km_survival_v1,9d6b7d4,2026-07-30T13:48:12Z,compound_class_default,1,insufficient data (1 stints); used class defaults
hungarian_grand_prix,HARD,2019,0.97,0.1776,76,108,10.0,0.81,2026-07-30,2018_to_2024,km_survival_v1,9d6b7d4,2026-07-30T13:48:12Z,cox_km_survival,16,fitted from 16 stints via cox_km_survival
hungarian_grand_prix,HARD,2020,0.97,0.0571,76,108,16.0,0.68,2026-07-30,2018_to_2024,km_survival_v1,9d6b7d4,2026-07-30T13:48:12Z,cox_km_survival,16,fitted from 16 stints via cox_km_survival
hungarian_grand_prix,HARD,2021,0.97,0.055,76,108,18.0,0.74,2026-07-30,2018_to_2024,km_survival_v1,9d6b7d4,2026-07-30T13:48:12Z,cox_km_survival,14,fitted from 14 stints via cox_km_survival
hungarian_grand_prix,HARD,2022,0.97,0.1137,76,108,50.0,0.98,2026-07-30,2018_to_2024,km_survival_v1,9d6b7d4,2026-07-30T13:48:12Z,cox_km_survival,9,fitted from 9 stints via cox_km_survival
hungarian_grand_prix,HARD,2023,0.97,0.053,76,108,20.2,0.72,2026-07-30,2018_to_2024,km_survival_v1,9d6b7d4,2026-07-30T13:48:12Z,cox_km_survival,28,fitted from 28 stints via cox_km_survival
hungarian_grand_prix,HARD,2024,0.97,0.0952,76,108,16.0,1.03,2026-07-30,2018_to_2024,km_survival_v1,9d6b7d4,2026-07-30T13:48:12Z,cox_km_survival,30,fitted from 30 stints via cox_km_survival
hungarian_grand_prix,INTERMEDIATE,2020,0.98,0.055,15,50,25.0,1.3,2026-07-30,2018_to_2024,km_survival_v1,9d6b7d4,2026-07-30T13:48:12Z,compound_class_default,0,insufficient data (0 stints); used class defaults
hungarian_grand_prix,MEDIUM,2018,1.0,0.04,78,105,33.0,0.65,2026-07-30,2018_to_2024,km_survival_v1,9d6b7d4,2026-07-30T13:48:12Z,cox_km_survival,8,fitted from 8 stints via cox_km_survival
hungarian_grand_prix,MEDIUM,2019,1.0,0.0833,78,105,29.0,0.68,2026-07-30,2018_to_2024,km_survival_v1,9d6b7d4,2026-07-30T13:48:12Z,cox_km_survival,18,fitted from 18 stints via cox_km_survival
hungarian_grand_prix,MEDIUM,2020,1.0,0.096,78,105,15.0,0.67,2026-07-30,2018_to_2024,km_survival_v1,9d6b7d4,2026-07-30T13:48:12Z,cox_km_survival,21,fitted from 21 stints via cox_km_survival
hungarian_grand_prix,MEDIUM,2021,1.0,0.04,78,105,33.0,1.12,2026-07-30,2018_to_2024,km_survival_v1,9d6b7d4,2026-07-30T13:48:12Z,cox_km_survival,17,fitted from 17 stints via cox_km_survival
hungarian_grand_prix,MEDIUM,2022,1.0,0.0599,78,105,18.0,0.75,2026-07-30,2018_to_2024,km_survival_v1,9d6b7d4,2026-07-30T13:48:12Z,cox_km_survival,30,fitted from 30 stints via cox_km_survival
hungarian_grand_prix,MEDIUM,2023,1.0,0.0391,78,105,19.5,0.64,2026-07-30,2018_to_2024,km_survival_v1,9d6b7d4,2026-07-30T13:48:12Z,cox_km_survival,23,fitted from 23 stints via cox_km_survival
hungarian_grand_prix,MEDIUM,2024,1.0,0.0572,78,105,17.0,0.79,2026-07-30,2018_to_2024,km_survival_v1,9d6b7d4,2026-07-30T13:48:12Z,cox_km_survival,23,fitted from 23 stints via cox_km_survival
hungarian_grand_prix,SOFT,2018,1.03,0.031,82,108,22.0,0.7,2026-07-30,2018_to_2024,km_survival_v1,9d6b7d4,2026-07-30T13:48:12Z,cox_km_survival,16,fitted from 16 stints via cox_km_survival
hungarian_grand_prix,SOFT,2019,1.03,0.0436,82,108,22.0,0.83,2026-07-30,2018_to_2024,km_survival_v1,9d6b7d4,2026-07-30T13:48:12Z,cox_km_survival,9,fitted from 9 stints via cox_km_survival
hungarian_grand_prix,SOFT,2020,1.03,0.114,82,108,18.0,1.12,2026-07-30,2018_to_2024,km_survival_v1,9d6b7d4,2026-07-30T13:48:12Z,cross_season_fallback,62,insufficient season stints (7); used 62 cross-season stints
hungarian_grand_prix,SOFT,2021,1.03,0.114,82,108,18.0,1.12,2026-07-30,2018_to_2024,km_survival_v1,9d6b7d4,2026-07-30T13:48:12Z,cross_season_fallback,62,insufficient season stints (1); used 62 cross-season stints
hungarian_grand_prix,SOFT,2022,1.03,0.1167,82,108,15.0,1.25,2026-07-30,2018_to_2024,km_survival_v1,9d6b7d4,2026-07-30T13:48:12Z,cox_km_survival,20,fitted from 20 stints via cox_km_survival
hungarian_grand_prix,SOFT,2023,1.03,0.114,82,108,18.0,1.12,2026-07-30,2018_to_2024,km_survival_v1,9d6b7d4,2026-07-30T13:48:12Z,cross_season_fallback,62,insufficient season stints (3); used 62 cross-season stints
hungarian_grand_prix,SOFT,2024,1.03,0.114,82,108,18.0,1.12,2026-07-30,2018_to_2024,km_survival_v1,9d6b7d4,2026-07-30T13:48:12Z,cross_season_fallback,62,insufficient season stints (6); used 62 cross-season stints
italian_grand_prix,HARD,2019,0.97,0.0322,76,108,23.2,0.65,2026-07-30,2018_to_2024,km_survival_v1,9d6b7d4,2026-07-30T13:48:12Z,cross_season_fallback,86,insufficient season stints (5); used 86 cross-season stints
italian_grand_prix,HARD,2020,0.97,0.0322,76,108,23.2,0.65,2026-07-30,2018_to_2024,km_survival_v1,9d6b7d4,2026-07-30T13:48:12Z,cross_season_fallback,86,insufficient season stints (6); used 86 cross-season stints
italian_grand_prix,HARD,2021,0.97,0.0166,76,108,50.0,0.48,2026-07-30,2018_to_2024,km_survival_v1,9d6b7d4,2026-07-30T13:48:12Z,cox_km_survival,16,fitted from 16 stints via cox_km_survival
italian_grand_prix,HARD,2022,0.97,0.022,76,108,26.0,0.52,2026-07-30,2018_to_2024,km_survival_v1,9d6b7d4,2026-07-30T13:48:12Z,cox_km_survival,10,fitted from 10 stints via cox_km_survival
italian_grand_prix,HARD,2023,0.97,0.019,76,108,26.0,0.69,2026-07-30,2018_to_2024,km_survival_v1,9d6b7d4,2026-07-30T13:48:12Z,cox_km_survival,19,fitted from 19 stints via cox_km_survival
italian_grand_prix,HARD,2024,0.97,0.0459,76,108,15.8,0.7,2026-07-30,2018_to_2024,km_survival_v1,9d6b7d4,2026-07-30T13:48:12Z,cox_km_survival,30,fitted from 30 stints via cox_km_survival
italian_grand_prix,MEDIUM,2019,1.0,0.04,78,105,19.0,0.68,2026-07-30,2018_to_2024,km_survival_v1,9d6b7d4,2026-07-30T13:48:12Z,cox_km_survival,20,fitted from 20 stints via cox_km_survival
italian_grand_prix,MEDIUM,2020,1.0,0.0096,78,105,14.0,0.38,2026-07-30,2018_to_2024,km_survival_v1,9d6b7d4,2026-07-30T13:48:12Z,cox_km_survival,15,fitted from 15 stints via cox_km_survival
italian_grand_prix,MEDIUM,2021,1.0,0.0394,78,105,19.5,0.59,2026-07-30,2018_to_2024,km_survival_v1,9d6b7d4,2026-07-30T13:48:12Z,cox_km_survival,18,fitted from 18 stints via cox_km_survival
italian_grand_prix,MEDIUM,2022,1.0,0.0178,78,105,33.0,0.19,2026-07-30,2018_to_2024,km_survival_v1,9d6b7d4,2026-07-30T13:48:12Z,cox_km_survival,18,fitted from 18 stints via cox_km_survival
italian_grand_prix,MEDIUM,2023,1.0,0.0716,78,105,16.0,0.7,2026-07-30,2018_to_2024,km_survival_v1,9d6b7d4,2026-07-30T13:48:12Z,cox_km_survival,25,fitted from 25 stints via cox_km_survival
italian_grand_prix,MEDIUM,2024,1.0,0.0385,78,105,15.0,0.73,2026-07-30,2018_to_2024,km_survival_v1,9d6b7d4,2026-07-30T13:48:12Z,cox_km_survival,19,fitted from 19 stints via cox_km_survival
italian_grand_prix,SOFT,2019,1.03,0.0314,82,108,29.0,0.65,2026-07-30,2018_to_2024,km_survival_v1,9d6b7d4,2026-07-30T13:48:12Z,cox_km_survival,21,fitted from 21 stints via cox_km_survival
italian_grand_prix,SOFT,2020,1.03,0.0463,82,108,26.0,0.63,2026-07-30,2018_to_2024,km_survival_v1,9d6b7d4,2026-07-30T13:48:12Z,cox_km_survival,15,fitted from 15 stints via cox_km_survival
italian_grand_prix,SOFT,2021,1.03,0.0289,82,108,29.0,0.52,2026-07-30,2018_to_2024,km_survival_v1,9d6b7d4,2026-07-30T13:48:12Z,cross_season_fallback,48,insufficient season stints (0); used 48 cross-season stints
italian_grand_prix,SOFT,2022,1.03,0.0211,82,108,22.0,1.5,2026-07-30,2018_to_2024,km_survival_v1,9d6b7d4,2026-07-30T13:48:12Z,cox_km_survival,12,fitted from 12 stints via cox_km_survival
italian_grand_prix,SOFT,2024,1.03,0.0289,82,108,29.0,0.52,2026-07-30,2018_to_2024,km_survival_v1,9d6b7d4,2026-07-30T13:48:12Z,cross_season_fallback,48,insufficient season stints (0); used 48 cross-season stints
japanese_grand_prix,HARD,2019,0.97,0.112,76,108,14.0,0.98,2026-07-30,2018_to_2024,km_survival_v1,9d6b7d4,2026-07-30T13:48:12Z,cross_season_fallback,57,insufficient season stints (7); used 57 cross-season stints
japanese_grand_prix,HARD,2023,0.97,0.0759,76,108,25.0,0.8,2026-07-30,2018_to_2024,km_survival_v1,9d6b7d4,2026-07-30T13:48:12Z,cox_km_survival,23,fitted from 23 stints via cox_km_survival
japanese_grand_prix,HARD,2024,0.97,0.1778,76,108,10.0,0.99,2026-07-30,2018_to_2024,km_survival_v1,9d6b7d4,2026-07-30T13:48:12Z,cox_km_survival,27,fitted from 27 stints via cox_km_survival
japanese_grand_prix,INTERMEDIATE,2022,0.98,0.055,15,50,8.0,1.37,2026-07-30,2018_to_2024,km_survival_v1,9d6b7d4,2026-07-30T13:48:12Z,cox_km_survival,23,fitted from 23 stints via cox_km_survival
japanese_grand_prix,MEDIUM,2018,1.0,0.0914,78,105,15.0,0.75,2026-07-30,2018_to_2024,km_survival_v1,9d6b7d4,2026-07-30T13:48:12Z,cox_km_survival,14,fitted from 14 stints via cox_km_survival
japanese_grand_prix,MEDIUM,2019,1.0,0.0286,78,105,25.0,0.93,2026-07-30,2018_to_2024,km_survival_v1,9d6b7d4,2026-07-30T13:48:12Z,cox_km_survival,19,fitted from 19 stints via cox_km_survival
japanese_grand_prix,MEDIUM,2023,1.0,0.179,78,105,10.8,0.8,2026-07-30,2018_to_2024,km_survival_v1,9d6b7d4,2026-07-30T13:48:12Z,cox_km_survival,19,fitted from 19 stints via cox_km_survival
japanese_grand_prix,MEDIUM,2024,1.0,0.1493,78,105,10.0,0.78,2026-07-30,2018_to_2024,km_survival_v1,9d6b7d4,2026-07-30T13:48:12Z,cox_km_survival,17,fitted from 17 stints via cox_km_survival
japanese_grand_prix,SOFT,2018,1.03,0.07,82,108,15.8,0.61,2026-07-30,2018_to_2024,km_survival_v1,9d6b7d4,2026-07-30T13:48:12Z,cox_km_survival,14,fitted from 14 stints via cox_km_survival
japanese_grand_prix,SOFT,2019,1.03,0.1548,82,108,25.0,0.82,2026-07-30,2018_to_2024,km_survival_v1,9d6b7d4,2026-07-30T13:48:12Z,cox_km_survival,22,fitted from 22 stints via cox_km_survival
japanese_grand_prix,SOFT,2023,1.03,0.1332,82,108,22.0,0.51,2026-07-30,2018_to_2024,km_survival_v1,9d6b7d4,2026-07-30T13:48:12Z,cox_km_survival,8,fitted from 8 stints via cox_km_survival
japanese_grand_prix,SOFT,2024,1.03,0.1121,82,108,25.0,0.77,2026-07-30,2018_to_2024,km_survival_v1,9d6b7d4,2026-07-30T13:48:12Z,cross_season_fallback,51,insufficient season stints (7); used 51 cross-season stints
japanese_grand_prix,WET,2022,0.95,0.08,10,40,20.0,1.45,2026-07-30,2018_to_2024,km_survival_v1,9d6b7d4,2026-07-30T13:48:12Z,compound_class_default,2,insufficient data (2 stints); used class defaults
las_vegas_grand_prix,HARD,2023,0.97,0.0336,76,108,22.0,0.65,2026-07-30,2018_to_2024,km_survival_v1,9d6b7d4,2026-07-30T13:48:12Z,cox_km_survival,29,fitted from 29 stints via cox_km_survival
las_vegas_grand_prix,HARD,2024,0.97,0.1304,76,108,20.0,0.94,2026-07-30,2018_to_2024,km_survival_v1,9d6b7d4,2026-07-30T13:48:12Z,cox_km_survival,36,fitted from 36 stints via cox_km_survival
las_vegas_grand_prix,MEDIUM,2023,1.0,0.1309,78,105,14.5,1.01,2026-07-30,2018_to_2024,km_survival_v1,9d6b7d4,2026-07-30T13:48:12Z,cox_km_survival,15,fitted from 15 stints via cox_km_survival
las_vegas_grand_prix,MEDIUM,2024,1.0,0.04,78,105,9.0,1.35,2026-07-30,2018_to_2024,km_survival_v1,9d6b7d4,2026-07-30T13:48:12Z,cox_km_survival,19,fitted from 19 stints via cox_km_survival
las_vegas_grand_prix,SOFT,2023,1.03,0.07,82,108,22.0,1.5,2026-07-30,2018_to_2024,km_survival_v1,9d6b7d4,2026-07-30T13:48:12Z,compound_class_default,1,insufficient data (1 stints); used class defaults
las_vegas_grand_prix,SOFT,2024,1.03,0.07,82,108,22.0,1.5,2026-07-30,2018_to_2024,km_survival_v1,9d6b7d4,2026-07-30T13:48:12Z,compound_class_default,1,insufficient data (1 stints); used class defaults
mexican_grand_prix,HARD,2019,0.97,0.0613,76,108,21.0,0.97,2026-07-30,2018_to_2024,km_survival_v1,9d6b7d4,2026-07-30T13:48:12Z,cox_km_survival,20,fitted from 20 stints via cox_km_survival
mexican_grand_prix,MEDIUM,2019,1.0,0.0554,78,105,26.0,0.83,2026-07-30,2018_to_2024,km_survival_v1,9d6b7d4,2026-07-30T13:48:12Z,cox_km_survival,22,fitted from 22 stints via cox_km_survival
mexican_grand_prix,SOFT,2019,1.03,0.07,82,108,22.0,1.5,2026-07-30,2018_to_2024,km_survival_v1,9d6b7d4,2026-07-30T13:48:12Z,compound_class_default,4,insufficient data (4 stints); used class defaults
mexico_city_grand_prix,HARD,2021,0.97,0.0335,76,108,25.0,0.59,2026-07-30,2018_to_2024,km_survival_v1,9d6b7d4,2026-07-30T13:48:12Z,cox_km_survival,18,fitted from 18 stints via cox_km_survival
mexico_city_grand_prix,HARD,2022,0.97,0.0738,76,108,22.0,0.55,2026-07-30,2018_to_2024,km_survival_v1,9d6b7d4,2026-07-30T13:48:12Z,cross_season_fallback,66,insufficient season stints (7); used 66 cross-season stints
mexico_city_grand_prix,HARD,2023,0.97,0.1274,76,108,18.0,0.67,2026-07-30,2018_to_2024,km_survival_v1,9d6b7d4,2026-07-30T13:48:12Z,cox_km_survival,24,fitted from 24 stints via cox_km_survival
mexico_city_grand_prix,HARD,2024,0.97,0.0268,76,108,34.0,0.53,2026-07-30,2018_to_2024,km_survival_v1,9d6b7d4,2026-07-30T13:48:12Z,cox_km_survival,17,fitted from 17 stints via cox_km_survival
mexico_city_grand_prix,MEDIUM,2021,1.0,0.1341,78,105,41.0,0.76,2026-07-30,2018_to_2024,km_survival_v1,9d6b7d4,2026-07-30T13:48:12Z,cox_km_survival,20,fitted from 20 stints via cox_km_survival
mexico_city_grand_prix,MEDIUM,2022,1.0,0.0105,78,105,22.8,0.64,2026-07-30,2018_to_2024,km_survival_v1,9d6b7d4,2026-07-30T13:48:12Z,cox_km_survival,19,fitted from 19 stints via cox_km_survival
mexico_city_grand_prix,MEDIUM,2023,1.0,0.0395,78,105,34.0,0.77,2026-07-30,2018_to_2024,km_survival_v1,9d6b7d4,2026-07-30T13:48:12Z,cox_km_survival,24,fitted from 24 stints via cox_km_survival
mexico_city_grand_prix,MEDIUM,2024,1.0,0.0566,78,105,27.0,0.82,2026-07-30,2018_to_2024,km_survival_v1,9d6b7d4,2026-07-30T13:48:12Z,cox_km_survival,19,fitted from 19 stints via cox_km_survival
mexico_city_grand_prix,SOFT,2021,1.03,0.1289,82,108,21.0,1.1,2026-07-30,2018_to_2024,km_survival_v1,9d6b7d4,2026-07-30T13:48:12Z,cross_season_fallback,19,insufficient season stints (1); used 19 cross-season stints
mexico_city_grand_prix,SOFT,2022,1.03,0.0429,82,108,21.0,1.15,2026-07-30,2018_to_2024,km_survival_v1,9d6b7d4,2026-07-30T13:48:12Z,cox_km_survival,16,fitted from 16 stints via cox_km_survival
mexico_city_grand_prix,SOFT,2023,1.03,0.1289,82,108,21.0,1.1,2026-07-30,2018_to_2024,km_survival_v1,9d6b7d4,2026-07-30T13:48:12Z,cross_season_fallback,19,insufficient season stints (1); used 19 cross-season stints
mexico_city_grand_prix,SOFT,2024,1.03,0.1289,82,108,21.0,1.1,2026-07-30,2018_to_2024,km_survival_v1,9d6b7d4,2026-07-30T13:48:12Z,cross_season_fallback,19,insufficient season stints (1); used 19 cross-season stints
miami_grand_prix,HARD,2022,0.97,0.022,76,108,32.0,0.58,2026-07-30,2018_to_2024,km_survival_v1,9d6b7d4,2026-07-30T13:48:12Z,cox_km_survival,19,fitted from 19 stints via cox_km_survival
miami_grand_prix,HARD,2023,0.97,0.022,76,108,47.0,0.44,2026-07-30,2018_to_2024,km_survival_v1,9d6b7d4,2026-07-30T13:48:12Z,cox_km_survival,20,fitted from 20 stints via cox_km_survival
miami_grand_prix,HARD,2024,0.97,0.0292,76,108,41.0,0.62,2026-07-30,2018_to_2024,km_survival_v1,9d6b7d4,2026-07-30T13:48:12Z,cox_km_survival,19,fitted from 19 stints via cox_km_survival
miami_grand_prix,MEDIUM,2022,1.0,0.1044,78,105,19.0,0.58,2026-07-30,2018_to_2024,km_survival_v1,9d6b7d4,2026-07-30T13:48:12Z,cox_km_survival,21,fitted from 21 stints via cox_km_survival
miami_grand_prix,MEDIUM,2023,1.0,0.0204,78,105,33.0,0.54,2026-07-30,2018_to_2024,km_survival_v1,9d6b7d4,2026-07-30T13:48:12Z,cox_km_survival,17,fitted from 17 stints via cox_km_survival
miami_grand_prix,MEDIUM,2024,1.0,0.0483,78,105,13.0,0.69,2026-07-30,2018_to_2024,km_survival_v1,9d6b7d4,2026-07-30T13:48:12Z,cox_km_survival,25,fitted from 25 stints via cox_km_survival
miami_grand_prix,SOFT,2022,1.03,0.07,82,108,22.0,1.5,2026-07-30,2018_to_2024,km_survival_v1,9d6b7d4,2026-07-30T13:48:12Z,compound_class_default,3,insufficient data (3 stints); used class defaults
miami_grand_prix,SOFT,2023,1.03,0.07,82,108,22.0,1.5,2026-07-30,2018_to_2024,km_survival_v1,9d6b7d4,2026-07-30T13:48:12Z,compound_class_default,1,insufficient data (1 stints); used class defaults
miami_grand_prix,SOFT,2024,1.03,0.07,82,108,22.0,1.5,2026-07-30,2018_to_2024,km_survival_v1,9d6b7d4,2026-07-30T13:48:12Z,compound_class_default,3,insufficient data (3 stints); used class defaults
monaco_grand_prix,HARD,2019,0.97,0.022,76,108,50.0,0.27,2026-07-30,2018_to_2024,km_survival_v1,9d6b7d4,2026-07-30T13:48:12Z,cox_km_survival,8,fitted from 8 stints via cox_km_survival
monaco_grand_prix,HARD,2021,0.97,0.0747,76,108,19.0,1.1,2026-07-30,2018_to_2024,km_survival_v1,9d6b7d4,2026-07-30T13:48:12Z,cox_km_survival,16,fitted from 16 stints via cox_km_survival
monaco_grand_prix,HARD,2022,0.97,0.022,76,108,50.0,1.3,2026-07-30,2018_to_2024,km_survival_v1,9d6b7d4,2026-07-30T13:48:12Z,cox_km_survival,23,fitted from 23 stints via cox_km_survival
monaco_grand_prix,HARD,2023,0.97,0.2709,76,108,18.0,1.42,2026-07-30,2018_to_2024,km_survival_v1,9d6b7d4,2026-07-30T13:48:12Z,cox_km_survival,15,fitted from 15 stints via cox_km_survival
monaco_grand_prix,HARD,2024,0.97,0.022,76,108,32.0,0.6,2026-07-30,2018_to_2024,km_survival_v1,9d6b7d4,2026-07-30T13:48:12Z,cox_km_survival,13,fitted from 13 stints via cox_km_survival
monaco_grand_prix,INTERMEDIATE,2022,0.98,0.055,15,50,5.0,0.97,2026-07-30,2018_to_2024,km_survival_v1,9d6b7d4,2026-07-30T13:48:12Z,cross_season_fallback,25,insufficient season stints (7); used 25 cross-season stints
monaco_grand_prix,INTERMEDIATE,2023,0.98,0.055,15,50,5.0,0.97,2026-07-30,2018_to_2024,km_survival_v1,9d6b7d4,2026-07-30T13:48:12Z,cox_km_survival,18,fitted from 18 stints via cox_km_survival
monaco_grand_prix,MEDIUM,2019,1.0,0.2893,78,105,14.0,1.21,2026-07-30,2018_to_2024,km_survival_v1,9d6b7d4,2026-07-30T13:48:12Z,cox_km_survival,17,fitted from 17 stints via cox_km_survival
monaco_grand_prix,MEDIUM,2021,1.0,0.2208,78,105,25.0,1.03,2026-07-30,2018_to_2024,km_survival_v1,9d6b7d4,2026-07-30T13:48:12Z,cross_season_fallback,54,insufficient season stints (6); used 54 cross-season stints
monaco_grand_prix,MEDIUM,2022,1.0,0.0323,78,105,30.0,0.9,2026-07-30,2018_to_2024,km_survival_v1,9d6b7d4,2026-07-30T13:48:12Z,cox_km_survival,11,fitted from 11 stints via cox_km_survival
monaco_grand_prix,MEDIUM,2023,1.0,0.04,78,105,19.0,1.19,2026-07-30,2018_to_2024,km_survival_v1,9d6b7d4,2026-07-30T13:48:12Z,cox_km_survival,12,fitted from 12 stints via cox_km_survival
monaco_grand_prix,MEDIUM,2024,1.0,0.04,78,105,33.0,0.47,2026-07-30,2018_to_2024,km_survival_v1,9d6b7d4,2026-07-30T13:48:12Z,cox_km_survival,8,fitted from 8 stints via cox_km_survival
monaco_grand_prix,SOFT,2019,1.03,0.07,82,108,17.0,1.07,2026-07-30,2018_to_2024,km_survival_v1,9d6b7d4,2026-07-30T13:48:12Z,cox_km_survival,15,fitted from 15 stints via cox_km_survival
monaco_grand_prix,SOFT,2021,1.03,0.1262,82,108,28.0,1.17,2026-07-30,2018_to_2024,km_survival_v1,9d6b7d4,2026-07-30T13:48:12Z,cox_km_survival,16,fitted from 16 stints via cox_km_survival
monaco_grand_prix,SOFT,2022,1.03,0.2057,82,108,19.0,1.14,2026-07-30,2018_to_2024,km_survival_v1,9d6b7d4,2026-07-30T13:48:12Z,cross_season_fallback,35,insufficient season stints (1); used 35 cross-season stints
monaco_grand_prix,SOFT,2023,1.03,0.2057,82,108,19.0,1.14,2026-07-30,2018_to_2024,km_survival_v1,9d6b7d4,2026-07-30T13:48:12Z,cross_season_fallback,35,insufficient season stints (1); used 35 cross-season stints
monaco_grand_prix,SOFT,2024,1.03,0.2057,82,108,19.0,1.14,2026-07-30,2018_to_2024,km_survival_v1,9d6b7d4,2026-07-30T13:48:12Z,cross_season_fallback,35,insufficient season stints (2); used 35 cross-season stints
monaco_grand_prix,WET,2022,0.95,0.08,10,40,20.0,1.45,2026-07-30,2018_to_2024,km_survival_v1,9d6b7d4,2026-07-30T13:48:12Z,compound_class_default,1,insufficient data (1 stints); used class defaults
monaco_grand_prix,WET,2023,0.95,0.08,10,40,20.0,1.45,2026-07-30,2018_to_2024,km_survival_v1,9d6b7d4,2026-07-30T13:48:12Z,compound_class_default,3,insufficient data (3 stints); used class defaults
portuguese_grand_prix,HARD,2020,0.97,0.0475,76,108,17.0,0.32,2026-07-30,2018_to_2024,km_survival_v1,9d6b7d4,2026-07-30T13:48:12Z,cox_km_survival,12,fitted from 12 stints via cox_km_survival
portuguese_grand_prix,HARD,2021,0.97,0.022,76,108,17.2,0.66,2026-07-30,2018_to_2024,km_survival_v1,9d6b7d4,2026-07-30T13:48:12Z,cox_km_survival,13,fitted from 13 stints via cox_km_survival
portuguese_grand_prix,MEDIUM,2020,1.0,0.04,78,105,50.0,0.55,2026-07-30,2018_to_2024,km_survival_v1,9d6b7d4,2026-07-30T13:48:12Z,cox_km_survival,20,fitted from 20 stints via cox_km_survival
portuguese_grand_prix,MEDIUM,2021,1.0,0.04,78,105,25.0,0.82,2026-07-30,2018_to_2024,km_survival_v1,9d6b7d4,2026-07-30T13:48:12Z,cox_km_survival,18,fitted from 18 stints via cox_km_survival
portuguese_grand_prix,SOFT,2020,1.03,0.0377,82,108,15.0,0.48,2026-07-30,2018_to_2024,km_survival_v1,9d6b7d4,2026-07-30T13:48:12Z,cox_km_survival,12,fitted from 12 stints via cox_km_survival
portuguese_grand_prix,SOFT,2021,1.03,0.1245,82,108,22.0,0.62,2026-07-30,2018_to_2024,km_survival_v1,9d6b7d4,2026-07-30T13:48:12Z,cox_km_survival,8,fitted from 8 stints via cox_km_survival
qatar_grand_prix,HARD,2021,0.97,0.0642,76,108,15.5,0.46,2026-07-30,2018_to_2024,km_survival_v1,9d6b7d4,2026-07-30T13:48:12Z,cox_km_survival,15,fitted from 15 stints via cox_km_survival
qatar_grand_prix,HARD,2023,0.97,0.0533,76,108,50.0,0.34,2026-07-30,2018_to_2024,km_survival_v1,9d6b7d4,2026-07-30T13:48:12Z,cox_km_survival,25,fitted from 25 stints via cox_km_survival
qatar_grand_prix,HARD,2024,0.97,0.0995,76,108,50.0,1.23,2026-07-30,2018_to_2024,km_survival_v1,9d6b7d4,2026-07-30T13:48:12Z,cox_km_survival,15,fitted from 15 stints via cox_km_survival
qatar_grand_prix,MEDIUM,2021,1.0,0.04,78,105,22.0,0.51,2026-07-30,2018_to_2024,km_survival_v1,9d6b7d4,2026-07-30T13:48:12Z,cox_km_survival,21,fitted from 21 stints via cox_km_survival
qatar_grand_prix,MEDIUM,2023,1.0,0.0437,78,105,12.0,0.5,2026-07-30,2018_to_2024,km_survival_v1,9d6b7d4,2026-07-30T13:48:12Z,cox_km_survival,40,fitted from 40 stints via cox_km_survival
qatar_grand_prix,MEDIUM,2024,1.0,0.04,78,105,33.0,1.4,2026-07-30,2018_to_2024,km_survival_v1,9d6b7d4,2026-07-30T13:48:12Z,cox_km_survival,18,fitted from 18 stints via cox_km_survival
qatar_grand_prix,SOFT,2021,1.03,0.1021,82,108,13.0,0.48,2026-07-30,2018_to_2024,km_survival_v1,9d6b7d4,2026-07-30T13:48:12Z,cox_km_survival,13,fitted from 13 stints via cox_km_survival
qatar_grand_prix,SOFT,2023,1.03,0.1243,82,108,13.0,0.92,2026-07-30,2018_to_2024,km_survival_v1,9d6b7d4,2026-07-30T13:48:12Z,cross_season_fallback,18,insufficient season stints (2); used 18 cross-season stints
qatar_grand_prix,SOFT,2024,1.03,0.1243,82,108,13.0,0.92,2026-07-30,2018_to_2024,km_survival_v1,9d6b7d4,2026-07-30T13:48:12Z,cross_season_fallback,18,insufficient season stints (3); used 18 cross-season stints
russian_grand_prix,HARD,2019,0.97,0.1612,76,108,32.0,0.99,2026-07-30,2018_to_2024,km_survival_v1,9d6b7d4,2026-07-30T13:48:12Z,cross_season_fallback,40,insufficient season stints (2); used 40 cross-season stints
russian_grand_prix,HARD,2020,0.97,0.1146,76,108,43.0,0.54,2026-07-30,2018_to_2024,km_survival_v1,9d6b7d4,2026-07-30T13:48:12Z,cox_km_survival,18,fitted from 18 stints via cox_km_survival
russian_grand_prix,HARD,2021,0.97,0.2288,76,108,32.0,1.28,2026-07-30,2018_to_2024,km_survival_v1,9d6b7d4,2026-07-30T13:48:12Z,cox_km_survival,20,fitted from 20 stints via cox_km_survival
russian_grand_prix,INTERMEDIATE,2021,0.98,0.055,15,50,25.0,1.3,2026-07-30,2018_to_2024,km_survival_v1,9d6b7d4,2026-07-30T13:48:12Z,cox_km_survival,9,fitted from 9 stints via cox_km_survival
russian_grand_prix,MEDIUM,2019,1.0,0.04,78,105,33.0,0.94,2026-07-30,2018_to_2024,km_survival_v1,9d6b7d4,2026-07-30T13:48:12Z,cox_km_survival,18,fitted from 18 stints via cox_km_survival
russian_grand_prix,MEDIUM,2020,1.0,0.1291,78,105,15.0,0.99,2026-07-30,2018_to_2024,km_survival_v1,9d6b7d4,2026-07-30T13:48:12Z,cox_km_survival,15,fitted from 15 stints via cox_km_survival
russian_grand_prix,MEDIUM,2021,1.0,0.1633,78,105,11.0,1.16,2026-07-30,2018_to_2024,km_survival_v1,9d6b7d4,2026-07-30T13:48:12Z,cox_km_survival,20,fitted from 20 stints via cox_km_survival
russian_grand_prix,SOFT,2018,1.03,0.07,82,108,33.0,0.62,2026-07-30,2018_to_2024,km_survival_v1,9d6b7d4,2026-07-30T13:48:12Z,cox_km_survival,18,fitted from 18 stints via cox_km_survival
russian_grand_prix,SOFT,2019,1.03,0.07,82,108,22.0,1.5,2026-07-30,2018_to_2024,km_survival_v1,9d6b7d4,2026-07-30T13:48:12Z,cox_km_survival,17,fitted from 17 stints via cox_km_survival
russian_grand_prix,SOFT,2020,1.03,0.07,82,108,38.0,0.52,2026-07-30,2018_to_2024,km_survival_v1,9d6b7d4,2026-07-30T13:48:12Z,cross_season_fallback,40,insufficient season stints (5); used 40 cross-season stints
sakhir_grand_prix,HARD,2020,0.97,0.015,76,108,50.0,0.62,2026-07-30,2018_to_2024,km_survival_v1,9d6b7d4,2026-07-30T13:48:12Z,cox_km_survival,13,fitted from 13 stints via cox_km_survival
sakhir_grand_prix,MEDIUM,2020,1.0,0.0913,78,105,17.0,0.82,2026-07-30,2018_to_2024,km_survival_v1,9d6b7d4,2026-07-30T13:48:12Z,cox_km_survival,24,fitted from 24 stints via cox_km_survival
sakhir_grand_prix,SOFT,2020,1.03,0.0522,82,108,22.0,0.48,2026-07-30,2018_to_2024,km_survival_v1,9d6b7d4,2026-07-30T13:48:12Z,cox_km_survival,18,fitted from 18 stints via cox_km_survival
saudi_arabian_grand_prix,HARD,2021,0.97,0.022,76,108,36.0,0.9,2026-07-30,2018_to_2024,km_survival_v1,9d6b7d4,2026-07-30T13:48:12Z,cox_km_survival,13,fitted from 13 stints via cox_km_survival
saudi_arabian_grand_prix,HARD,2022,0.97,0.022,76,108,36.0,1.22,2026-07-30,2018_to_2024,km_survival_v1,9d6b7d4,2026-07-30T13:48:12Z,cox_km_survival,18,fitted from 18 stints via cox_km_survival
saudi_arabian_grand_prix,HARD,2023,0.97,0.0999,76,108,27.8,0.21,2026-07-30,2018_to_2024,km_survival_v1,9d6b7d4,2026-07-30T13:48:12Z,cox_km_survival,19,fitted from 19 stints via cox_km_survival
saudi_arabian_grand_prix,HARD,2024,0.97,0.022,76,108,41.0,0.72,2026-07-30,2018_to_2024,km_survival_v1,9d6b7d4,2026-07-30T13:48:12Z,cox_km_survival,15,fitted from 15 stints via cox_km_survival
saudi_arabian_grand_prix,MEDIUM,2021,1.0,0.2961,78,105,27.0,0.5,2026-07-30,2018_to_2024,km_survival_v1,9d6b7d4,2026-07-30T13:48:12Z,cox_km_survival,24,fitted from 24 stints via cox_km_survival
saudi_arabian_grand_prix,MEDIUM,2022,1.0,0.1063,78,105,11.5,1.01,2026-07-30,2018_to_2024,km_survival_v1,9d6b7d4,2026-07-30T13:48:12Z,cox_km_survival,18,fitted from 18 stints via cox_km_survival
saudi_arabian_grand_prix,MEDIUM,2023,1.0,0.0928,78,105,9.2,0.53,2026-07-30,2018_to_2024,km_survival_v1,9d6b7d4,2026-07-30T13:48:12Z,cox_km_survival,20,fitted from 20 stints via cox_km_survival
saudi_arabian_grand_prix,MEDIUM,2024,1.0,0.0815,78,105,33.0,1.4,2026-07-30,2018_to_2024,km_survival_v1,9d6b7d4,2026-07-30T13:48:12Z,cox_km_survival,17,fitted from 17 stints via cox_km_survival
saudi_arabian_grand_prix,SOFT,2021,1.03,0.0787,82,108,16.0,0.78,2026-07-30,2018_to_2024,km_survival_v1,9d6b7d4,2026-07-30T13:48:12Z,cross_season_fallback,10,insufficient season stints (2); used 10 cross-season stints
saudi_arabian_grand_prix,SOFT,2023,1.03,0.0787,82,108,16.0,0.78,2026-07-30,2018_to_2024,km_survival_v1,9d6b7d4,2026-07-30T13:48:12Z,cross_season_fallback,10,insufficient season stints (2); used 10 cross-season stints
saudi_arabian_grand_prix,SOFT,2024,1.03,0.0787,82,108,16.0,0.78,2026-07-30,2018_to_2024,km_survival_v1,9d6b7d4,2026-07-30T13:48:12Z,cross_season_fallback,10,insufficient season stints (6); used 10 cross-season stints
singapore_grand_prix,HARD,2019,0.97,0.1438,76,108,17.0,1.27,2026-07-30,2018_to_2024,km_survival_v1,9d6b7d4,2026-07-30T13:48:12Z,cox_km_survival,19,fitted from 19 stints via cox_km_survival
singapore_grand_prix,HARD,2023,0.97,0.0075,76,108,23.0,1.15,2026-07-30,2018_to_2024,km_survival_v1,9d6b7d4,2026-07-30T13:48:12Z,cox_km_survival,18,fitted from 18 stints via cox_km_survival
singapore_grand_prix,HARD,2024,0.97,0.0412,76,108,19.0,0.61,2026-07-30,2018_to_2024,km_survival_v1,9d6b7d4,2026-07-30T13:48:12Z,cox_km_survival,16,fitted from 16 stints via cox_km_survival
singapore_grand_prix,INTERMEDIATE,2022,0.98,0.055,15,50,25.0,0.86,2026-07-30,2018_to_2024,km_survival_v1,9d6b7d4,2026-07-30T13:48:12Z,cox_km_survival,21,fitted from 21 stints via cox_km_survival
singapore_grand_prix,MEDIUM,2019,1.0,0.0569,78,105,29.0,1.38,2026-07-30,2018_to_2024,km_survival_v1,9d6b7d4,2026-07-30T13:48:12Z,cox_km_survival,13,fitted from 13 stints via cox_km_survival
singapore_grand_prix,MEDIUM,2022,1.0,0.04,78,105,33.0,1.03,2026-07-30,2018_to_2024,km_survival_v1,9d6b7d4,2026-07-30T13:48:12Z,cox_km_survival,10,fitted from 10 stints via cox_km_survival
singapore_grand_prix,MEDIUM,2023,1.0,0.097,78,105,16.5,0.8,2026-07-30,2018_to_2024,km_survival_v1,9d6b7d4,2026-07-30T13:48:12Z,cox_km_survival,21,fitted from 21 stints via cox_km_survival
singapore_grand_prix,MEDIUM,2024,1.0,0.034,78,105,26.0,0.81,2026-07-30,2018_to_2024,km_survival_v1,9d6b7d4,2026-07-30T13:48:12Z,cox_km_survival,19,fitted from 19 stints via cox_km_survival
singapore_grand_prix,SOFT,2018,1.03,0.07,82,108,16.0,1.09,2026-07-30,2018_to_2024,km_survival_v1,9d6b7d4,2026-07-30T13:48:12Z,cox_km_survival,12,fitted from 12 stints via cox_km_survival
singapore_grand_prix,SOFT,2019,1.03,0.07,82,108,17.2,1.1,2026-07-30,2018_to_2024,km_survival_v1,9d6b7d4,2026-07-30T13:48:12Z,cox_km_survival,12,fitted from 12 stints via cox_km_survival
singapore_grand_prix,SOFT,2022,1.03,0.07,82,108,21.0,1.08,2026-07-30,2018_to_2024,km_survival_v1,9d6b7d4,2026-07-30T13:48:12Z,cross_season_fallback,39,insufficient season stints (6); used 39 cross-season stints
singapore_grand_prix,SOFT,2023,1.03,0.07,82,108,21.0,1.08,2026-07-30,2018_to_2024,km_survival_v1,9d6b7d4,2026-07-30T13:48:12Z,cross_season_fallback,39,insufficient season stints (3); used 39 cross-season stints
singapore_grand_prix,SOFT,2024,1.03,0.07,82,108,21.0,1.08,2026-07-30,2018_to_2024,km_survival_v1,9d6b7d4,2026-07-30T13:48:12Z,cross_season_fallback,39,insufficient season stints (6); used 39 cross-season stints
spanish_grand_prix,HARD,2019,0.97,0.0629,76,108,27.0,0.99,2026-07-30,2018_to_2024,km_survival_v1,9d6b7d4,2026-07-30T13:48:12Z,cross_season_fallback,41,insufficient season stints (4); used 41 cross-season stints
spanish_grand_prix,HARD,2020,0.97,0.0629,76,108,27.0,0.99,2026-07-30,2018_to_2024,km_survival_v1,9d6b7d4,2026-07-30T13:48:12Z,cross_season_fallback,41,insufficient season stints (1); used 41 cross-season stints
spanish_grand_prix,HARD,2022,0.97,0.0629,76,108,27.0,0.99,2026-07-30,2018_to_2024,km_survival_v1,9d6b7d4,2026-07-30T13:48:12Z,cross_season_fallback,41,insufficient season stints (1); used 41 cross-season stints
spanish_grand_prix,HARD,2023,0.97,0.022,76,108,7.0,1.02,2026-07-30,2018_to_2024,km_survival_v1,9d6b7d4,2026-07-30T13:48:12Z,cox_km_survival,22,fitted from 22 stints via cox_km_survival
spanish_grand_prix,HARD,2024,0.97,0.0651,76,108,22.0,0.8,2026-07-30,2018_to_2024,km_survival_v1,9d6b7d4,2026-07-30T13:48:12Z,cox_km_survival,13,fitted from 13 stints via cox_km_survival
spanish_grand_prix,MEDIUM,2018,1.0,0.0154,78,105,31.0,0.48,2026-07-30,2018_to_2024,km_survival_v1,9d6b7d4,2026-07-30T13:48:12Z,cox_km_survival,19,fitted from 19 stints via cox_km_survival
spanish_grand_prix,MEDIUM,2019,1.0,0.0359,78,105,27.0,0.75,2026-07-30,2018_to_2024,km_survival_v1,9d6b7d4,2026-07-30T13:48:12Z,cox_km_survival,24,fitted from 24 stints via cox_km_survival
spanish_grand_prix,MEDIUM,2020,1.0,0.0534,78,105,24.0,1.15,2026-07-30,2018_to_2024,km_survival_v1,9d6b7d4,2026-07-30T13:48:12Z,cox_km_survival,28,fitted from 28 stints via cox_km_survival
spanish_grand_prix,MEDIUM,2021,1.0,0.0699,78,105,21.0,1.15,2026-07-30,2018_to_2024,km_survival_v1,9d6b7d4,2026-07-30T13:48:12Z,cox_km_survival,24,fitted from 24 stints via cox_km_survival
spanish_grand_prix,MEDIUM,2022,1.0,0.064,78,105,24.0,1.06,2026-07-30,2018_to_2024,km_survival_v1,9d6b7d4,2026-07-30T13:48:12Z,cox_km_survival,26,fitted from 26 stints via cox_km_survival
spanish_grand_prix,MEDIUM,2023,1.0,0.0992,78,105,15.5,0.85,2026-07-30,2018_to_2024,km_survival_v1,9d6b7d4,2026-07-30T13:48:12Z,cox_km_survival,17,fitted from 17 stints via cox_km_survival
spanish_grand_prix,MEDIUM,2024,1.0,0.0695,78,105,15.0,0.76,2026-07-30,2018_to_2024,km_survival_v1,9d6b7d4,2026-07-30T13:48:12Z,cox_km_survival,19,fitted from 19 stints via cox_km_survival
spanish_grand_prix,SOFT,2018,1.03,0.07,82,108,22.0,0.93,2026-07-30,2018_to_2024,km_survival_v1,9d6b7d4,2026-07-30T13:48:12Z,cox_km_survival,15,fitted from 15 stints via cox_km_survival
spanish_grand_prix,SOFT,2019,1.03,0.0515,82,108,21.5,0.56,2026-07-30,2018_to_2024,km_survival_v1,9d6b7d4,2026-07-30T13:48:12Z,cox_km_survival,29,fitted from 29 stints via cox_km_survival
spanish_grand_prix,SOFT,2020,1.03,0.0254,82,108,30.0,0.59,2026-07-30,2018_to_2024,km_survival_v1,9d6b7d4,2026-07-30T13:48:12Z,cox_km_survival,24,fitted from 24 stints via cox_km_survival
spanish_grand_prix,SOFT,2021,1.03,0.0803,82,108,20.0,0.99,2026-07-30,2018_to_2024,km_survival_v1,9d6b7d4,2026-07-30T13:48:12Z,cox_km_survival,33,fitted from 33 stints via cox_km_survival
spanish_grand_prix,SOFT,2022,1.03,0.1612,82,108,12.0,1.12,2026-07-30,2018_to_2024,km_survival_v1,9d6b7d4,2026-07-30T13:48:12Z,cox_km_survival,44,fitted from 44 stints via cox_km_survival
spanish_grand_prix,SOFT,2023,1.03,0.0941,82,108,16.5,0.83,2026-07-30,2018_to_2024,km_survival_v1,9d6b7d4,2026-07-30T13:48:12Z,cox_km_survival,23,fitted from 23 stints via cox_km_survival
spanish_grand_prix,SOFT,2024,1.03,0.043,82,108,21.0,0.85,2026-07-30,2018_to_2024,km_survival_v1,9d6b7d4,2026-07-30T13:48:12Z,cox_km_survival,30,fitted from 30 stints via cox_km_survival
styrian_grand_prix,HARD,2020,0.97,0.0184,76,108,34.0,0.65,2026-07-30,2018_to_2024,km_survival_v1,9d6b7d4,2026-07-30T13:48:12Z,cross_season_fallback,21,insufficient season stints (2); used 21 cross-season stints
styrian_grand_prix,HARD,2021,0.97,0.0184,76,108,34.0,0.66,2026-07-30,2018_to_2024,km_survival_v1,9d6b7d4,2026-07-30T13:48:12Z,cox_km_survival,19,fitted from 19 stints via cox_km_survival
styrian_grand_prix,MEDIUM,2020,1.0,0.04,78,105,37.0,0.84,2026-07-30,2018_to_2024,km_survival_v1,9d6b7d4,2026-07-30T13:48:12Z,cox_km_survival,16,fitted from 16 stints via cox_km_survival
styrian_grand_prix,MEDIUM,2021,1.0,0.034,78,105,33.0,1.4,2026-07-30,2018_to_2024,km_survival_v1,9d6b7d4,2026-07-30T13:48:12Z,cox_km_survival,14,fitted from 14 stints via cox_km_survival
styrian_grand_prix,SOFT,2020,1.03,0.0364,82,108,30.5,0.87,2026-07-30,2018_to_2024,km_survival_v1,9d6b7d4,2026-07-30T13:48:12Z,cox_km_survival,19,fitted from 19 stints via cox_km_survival
styrian_grand_prix,SOFT,2021,1.03,0.0364,82,108,29.5,0.79,2026-07-30,2018_to_2024,km_survival_v1,9d6b7d4,2026-07-30T13:48:12Z,cross_season_fallback,25,insufficient season stints (6); used 25 cross-season stints
são_paulo_grand_prix,HARD,2021,0.97,0.0708,76,108,21.0,0.78,2026-07-30,2018_to_2024,km_survival_v1,9d6b7d4,2026-07-30T13:48:12Z,cox_km_survival,29,fitted from 29 stints via cox_km_survival
são_paulo_grand_prix,HARD,2022,0.97,0.0645,76,108,21.0,0.78,2026-07-30,2018_to_2024,km_survival_v1,9d6b7d4,2026-07-30T13:48:12Z,cross_season_fallback,30,insufficient season stints (1); used 30 cross-season stints
são_paulo_grand_prix,INTERMEDIATE,2024,0.98,0.055,15,50,28.0,0.93,2026-07-30,2018_to_2024,km_survival_v1,9d6b7d4,2026-07-30T13:48:12Z,cox_km_survival,34,fitted from 34 stints via cox_km_survival
são_paulo_grand_prix,MEDIUM,2021,1.0,0.1354,78,105,30.0,0.42,2026-07-30,2018_to_2024,km_survival_v1,9d6b7d4,2026-07-30T13:48:12Z,cox_km_survival,40,fitted from 40 stints via cox_km_survival
são_paulo_grand_prix,MEDIUM,2022,1.0,0.0711,78,105,14.8,0.61,2026-07-30,2018_to_2024,km_survival_v1,9d6b7d4,2026-07-30T13:48:12Z,cox_km_survival,29,fitted from 29 stints via cox_km_survival
são_paulo_grand_prix,MEDIUM,2023,1.0,0.0361,78,105,18.0,0.73,2026-07-30,2018_to_2024,km_survival_v1,9d6b7d4,2026-07-30T13:48:12Z,cox_km_survival,15,fitted from 15 stints via cox_km_survival
são_paulo_grand_prix,SOFT,2021,1.03,0.0487,82,108,13.0,0.68,2026-07-30,2018_to_2024,km_survival_v1,9d6b7d4,2026-07-30T13:48:12Z,cross_season_fallback,64,insufficient season stints (0); used 64 cross-season stints
são_paulo_grand_prix,SOFT,2022,1.03,0.0349,82,108,13.0,0.62,2026-07-30,2018_to_2024,km_survival_v1,9d6b7d4,2026-07-30T13:48:12Z,cox_km_survival,29,fitted from 29 stints via cox_km_survival
são_paulo_grand_prix,SOFT,2023,1.03,0.0579,82,108,13.8,0.76,2026-07-30,2018_to_2024,km_survival_v1,9d6b7d4,2026-07-30T13:48:12Z,cox_km_survival,35,fitted from 35 stints via cox_km_survival
são_paulo_grand_prix,WET,2024,0.95,0.08,10,40,20.0,1.45,2026-07-30,2018_to_2024,km_survival_v1,9d6b7d4,2026-07-30T13:48:12Z,compound_class_default,0,insufficient data (0 stints); used class defaults
turkish_grand_prix,INTERMEDIATE,2020,0.98,0.055,15,50,19.0,0.8,2026-07-30,2018_to_2024,km_survival_v1,9d6b7d4,2026-07-30T13:48:12Z,cox_km_survival,36,fitted from 36 stints via cox_km_survival
turkish_grand_prix,INTERMEDIATE,2021,0.98,0.1479,15,50,23.0,0.81,2026-07-30,2018_to_2024,km_survival_v1,9d6b7d4,2026-07-30T13:48:12Z,cox_km_survival,39,fitted from 39 stints via cox_km_survival
turkish_grand_prix,WET,2020,0.95,0.08,10,40,20.0,1.45,2026-07-30,2018_to_2024,km_survival_v1,9d6b7d4,2026-07-30T13:48:12Z,cox_km_survival,18,fitted from 18 stints via cox_km_survival
tuscan_grand_prix,HARD,2020,0.97,0.022,76,108,50.0,1.2,2026-07-30,2018_to_2024,km_survival_v1,9d6b7d4,2026-07-30T13:48:12Z,compound_class_default,7,insufficient data (7 stints); used class defaults
tuscan_grand_prix,MEDIUM,2020,1.0,0.0612,78,105,33.0,0.92,2026-07-30,2018_to_2024,km_survival_v1,9d6b7d4,2026-07-30T13:48:12Z,cox_km_survival,11,fitted from 11 stints via cox_km_survival
tuscan_grand_prix,SOFT,2020,1.03,0.0146,82,108,16.0,0.47,2026-07-30,2018_to_2024,km_survival_v1,9d6b7d4,2026-07-30T13:48:12Z,cox_km_survival,21,fitted from 21 stints via cox_km_survival
united_states_grand_prix,HARD,2019,0.97,0.0704,76,108,24.0,1.32,2026-07-30,2018_to_2024,km_survival_v1,9d6b7d4,2026-07-30T13:48:12Z,cox_km_survival,18,fitted from 18 stints via cox_km_survival
united_states_grand_prix,HARD,2021,0.97,0.0586,76,108,19.0,0.79,2026-07-30,2018_to_2024,km_survival_v1,9d6b7d4,2026-07-30T13:48:12Z,cox_km_survival,30,fitted from 30 stints via cox_km_survival
united_states_grand_prix,HARD,2022,0.97,0.0355,76,108,32.0,0.47,2026-07-30,2018_to_2024,km_survival_v1,9d6b7d4,2026-07-30T13:48:12Z,cox_km_survival,27,fitted from 27 stints via cox_km_survival
united_states_grand_prix,HARD,2023,0.97,0.052,76,108,19.0,0.77,2026-07-30,2018_to_2024,km_survival_v1,9d6b7d4,2026-07-30T13:48:12Z,cox_km_survival,21,fitted from 21 stints via cox_km_survival
united_states_grand_prix,HARD,2024,0.97,0.0144,76,108,50.0,1.5,2026-07-30,2018_to_2024,km_survival_v1,9d6b7d4,2026-07-30T13:48:12Z,cox_km_survival,19,fitted from 19 stints via cox_km_survival
united_states_grand_prix,MEDIUM,2019,1.0,0.114,78,105,17.0,0.98,2026-07-30,2018_to_2024,km_survival_v1,9d6b7d4,2026-07-30T13:48:12Z,cox_km_survival,19,fitted from 19 stints via cox_km_survival
united_states_grand_prix,MEDIUM,2021,1.0,0.0157,78,105,14.0,0.96,2026-07-30,2018_to_2024,km_survival_v1,9d6b7d4,2026-07-30T13:48:12Z,cox_km_survival,26,fitted from 26 stints via cox_km_survival
united_states_grand_prix,MEDIUM,2022,1.0,0.0734,78,105,30.0,0.7,2026-07-30,2018_to_2024,km_survival_v1,9d6b7d4,2026-07-30T13:48:12Z,cox_km_survival,25,fitted from 25 stints via cox_km_survival
united_states_grand_prix,MEDIUM,2023,1.0,0.0397,78,105,23.0,0.64,2026-07-30,2018_to_2024,km_survival_v1,9d6b7d4,2026-07-30T13:48:12Z,cox_km_survival,33,fitted from 33 stints via cox_km_survival
united_states_grand_prix,MEDIUM,2024,1.0,0.0297,78,105,33.0,0.61,2026-07-30,2018_to_2024,km_survival_v1,9d6b7d4,2026-07-30T13:48:12Z,cox_km_survival,21,fitted from 21 stints via cox_km_survival
united_states_grand_prix,SOFT,2018,1.03,0.0594,82,108,29.0,1.15,2026-07-30,2018_to_2024,km_survival_v1,9d6b7d4,2026-07-30T13:48:12Z,cox_km_survival,19,fitted from 19 stints via cox_km_survival
united_states_grand_prix,SOFT,2019,1.03,0.0424,82,108,13.0,1.01,2026-07-30,2018_to_2024,km_survival_v1,9d6b7d4,2026-07-30T13:48:12Z,cox_km_survival,14,fitted from 14 stints via cox_km_survival
united_states_grand_prix,SOFT,2021,1.03,0.0558,82,108,22.0,1.11,2026-07-30,2018_to_2024,km_survival_v1,9d6b7d4,2026-07-30T13:48:12Z,cross_season_fallback,37,insufficient season stints (2); used 37 cross-season stints
united_states_grand_prix,SOFT,2022,1.03,0.0558,82,108,22.0,1.11,2026-07-30,2018_to_2024,km_survival_v1,9d6b7d4,2026-07-30T13:48:12Z,cross_season_fallback,37,insufficient season stints (0); used 37 cross-season stints
united_states_grand_prix,SOFT,2023,1.03,0.0558,82,108,22.0,1.11,2026-07-30,2018_to_2024,km_survival_v1,9d6b7d4,2026-07-30T13:48:12Z,cross_season_fallback,37,insufficient season stints (1); used 37 cross-season stints
united_states_grand_prix,SOFT,2024,1.03,0.0558,82,108,22.0,1.11,2026-07-30,2018_to_2024,km_survival_v1,9d6b7d4,2026-07-30T13:48:12Z,cross_season_fallback,37,insufficient season stints (1); used 37 cross-season stints
