compound_code,era,hardness_rank,provenance
SUPERHARD,2018,1,"2018 legacy name mapped onto the 1-7 ladder by declared correspondence (harder = lower rank). SUPERHARD was in Pirelli's nominal 2018 range but never nominated for a dry race; included so the scale has no hole below HARD. Not physically validated -- WI-17 T55 tests the mapping."
HARD,2018,2,"2018 legacy name mapped onto the 1-7 ladder by declared correspondence (harder = lower rank). Not physically validated -- WI-17 T55 tests the mapping."
MEDIUM,2018,3,"2018 legacy name mapped onto the 1-7 ladder by declared correspondence (harder = lower rank). Not physically validated -- WI-17 T55 tests the mapping."
SOFT,2018,4,"2018 legacy name mapped onto the 1-7 ladder by declared correspondence (harder = lower rank). Not physically validated -- WI-17 T55 tests the mapping."
SUPERSOFT,2018,5,"2018 legacy name mapped onto the 1-7 ladder by declared correspondence (harder = lower rank). Not physically validated -- WI-17 T55 tests the mapping."
ULTRASOFT,2018,6,"2018 legacy name mapped onto the 1-7 ladder by declared correspondence (harder = lower rank). Not physically validated -- WI-17 T55 tests the mapping."
HYPERSOFT,2018,7,"2018 legacy name mapped onto the 1-7 ladder by declared correspondence (harder = lower rank). Not physically validated -- WI-17 T55 tests the mapping."
C1,2019-21,1,"Rank taken directly from Pirelli's own C-scale numbering (C1 hardest); era split lets a model absorb construction-generation shifts at equal hardness rank. Not an independent physical measurement."
C2,2019-21,2,"Rank taken directly from Pirelli's own C-scale numbering; era split lets a model absorb construction-generation shifts at equal hardness rank. Not an independent physical measurement."
C3,2019-21,3,"Rank taken directly from Pirelli's own C-scale numbering; era split lets a model absorb construction-generation shifts at equal hardness rank. Not an independent physical measurement."
C4,2019-21,4,"Rank taken directly from Pirelli's own C-scale numbering; era split lets a model absorb construction-generation shifts at equal hardness rank. Not an independent physical measurement."
C5,2019-21,5,"Rank taken directly from Pirelli's own C-scale numbering (C5 softest allocated 2019-2021); era split lets a model absorb construction-generation shifts at equal hardness rank. Not an independent physical measurement."
C1,2022+,1,"Rank taken directly from Pirelli's own C-scale numbering (C1 hardest); era split lets a model absorb the 2022 18-inch construction change at equal hardness rank. Not an independent physical measurement."
C2,2022+,2,"Rank taken directly from Pirelli's own C-scale numbering; era split lets a model absorb the 2022 18-inch construction change at equal hardness rank. Not an independent physical measurement."
C3,2022+,3,"Rank taken directly from Pirelli's own C-scale numbering; era split lets a model absorb the 2022 18-inch construction change at equal hardness rank. Not an independent physical measurement."
C4,2022+,4,"Rank taken directly from Pirelli's own C-scale numbering; era split lets a model absorb the 2022 18-inch construction change at equal hardness rank. Not an independent physical measurement."
C5,2022+,5,"Rank taken directly from Pirelli's own C-scale numbering; era split lets a model absorb the 2022 18-inch construction change at equal hardness rank. Not an independent physical measurement."
C6,2022+,6,"Rank taken directly from Pirelli's own C-scale numbering (C6 softest, introduced after 2019-2021). Included in fct_power_law_training (W53); T54 leaves it out to measure extrapolation error (hold-out validation on rank 6)."
