race_year,circuit_key,hard_code,medium_code,soft_code,source_url
2019,australian_grand_prix,C2,C3,C4,https://press.pirelli.com/2019-australian-grand-prix---preview/
2019,bahrain_grand_prix,C1,C2,C3,https://press.pirelli.com/2019-bahrain-grand-prix---preview/
2019,chinese_grand_prix,C2,C3,C4,https://press.pirelli.com/2019-chinese-grand-prix---preview/
2019,azerbaijan_grand_prix,C2,C3,C4,https://press.pirelli.com/2019-azerbaijan-grand-prix---preview/
2019,spanish_grand_prix,C1,C2,C3,https://press.pirelli.com/2019-spanish-grand-prix---preview/
2019,monaco_grand_prix,C3,C4,C5,https://press.pirelli.com/2019-monaco-grand-prix---preview/
2019,canadian_grand_prix,C3,C4,C5,https://press.pirelli.com/2019-canadian-grand-prix---preview/
2019,french_grand_prix,C2,C3,C4,https://press.pirelli.com/2019-french-grand-prix---preview/
2019,austrian_grand_prix,C2,C3,C4,https://press.pirelli.com/2019-austrian-grand-prix---preview/
2019,british_grand_prix,C1,C2,C3,https://press.pirelli.com/2019-british-grand-prix--preview/
2019,german_grand_prix,C2,C3,C4,https://press.pirelli.com/2019-german-grand-prix---preview/
2019,hungarian_grand_prix,C2,C3,C4,https://press.pirelli.com/2019-hungarian-grand-prix---preview/
2019,belgian_grand_prix,C1,C2,C3,https://press.pirelli.com/2019-belgian-grand-prix---preview/
2019,italian_grand_prix,C2,C3,C4,https://press.pirelli.com/2019-italian-grand-prix---preview/
2019,singapore_grand_prix,C3,C4,C5,https://press.pirelli.com/2019-singapore-grand-prix---preview/
2019,russian_grand_prix,C2,C3,C4,https://press.pirelli.com/2019-russian-grand-prix---preview/
2019,japanese_grand_prix,C1,C2,C3,https://press.pirelli.com/2019-japanese-grand-prix---preview/
2019,mexican_grand_prix,C2,C3,C4,https://press.pirelli.com/2019-mexican-grand-prix---preview/
2019,united_states_grand_prix,C2,C3,C4,https://press.pirelli.com/2019-united-states-grand-prix---preview/
2019,brazilian_grand_prix,C1,C2,C3,https://press.pirelli.com/2019-brazilian-grand-prix---preview/
2019,abu_dhabi_grand_prix,C3,C4,C5,https://press.pirelli.com/2019-abu-dhabi-grand-prix---preview/
2020,austrian_grand_prix,C2,C3,C4,https://press.pirelli.com/2020-austrian-grand-prix---preview/
2020,styrian_grand_prix,C2,C3,C4,https://press.pirelli.com/2020-styrian-grand-prix---preview/
2020,hungarian_grand_prix,C2,C3,C4,https://press.pirelli.com/2020-hungarian-grand-prix---preview/
2020,british_grand_prix,C1,C2,C3,https://press.pirelli.com/2020-british-grand-prix---preview/
2020,70th_anniversary_grand_prix,C2,C3,C4,https://press.pirelli.com/2020-70th-anniversary-grand-prix---preview/
2020,spanish_grand_prix,C1,C2,C3,https://press.pirelli.com/2020-spanish-grand-prix---preview/
2020,belgian_grand_prix,C2,C3,C4,https://press.pirelli.com/2020-belgian-grand-prix---preview/
2020,italian_grand_prix,C2,C3,C4,https://press.pirelli.com/2020-italian-grand-prix--preview/
2020,tuscan_grand_prix,C1,C2,C3,https://press.pirelli.com/2020-tuscan-grand-prix---preview/
2020,russian_grand_prix,C3,C4,C5,https://press.pirelli.com/2020-russian-grand-prix---preview/
2020,eifel_grand_prix,C2,C3,C4,https://press.pirelli.com/2020-eifel-grand-prix---preview/
2020,portuguese_grand_prix,C1,C2,C3,https://press.pirelli.com/2020-portuguese-grand-prix---preview/
2020,emilia_romagna_grand_prix,C2,C3,C4,https://press.pirelli.com/2020-emilia-romagna-grand-prix---preview/
2020,turkish_grand_prix,C1,C2,C3,https://press.pirelli.com/2020-turkish-grand-prix---preview/
2020,bahrain_grand_prix,C2,C3,C4,https://press.pirelli.com/2020-bahrain-grand-prix--preview/
2020,sakhir_grand_prix,C2,C3,C4,https://press.pirelli.com/2020-sakhir-grand-prix---preview/
2020,abu_dhabi_grand_prix,C3,C4,C5,https://press.pirelli.com/2020-abu-dhabi-grand-prix---preview/
2021,bahrain_grand_prix,C2,C3,C4,https://press.pirelli.com/2021-bahrain-grand-prix---preview/
2021,emilia_romagna_grand_prix,C2,C3,C4,https://press.pirelli.com/2021-emilia-romagna-grand-prix---preview/
2021,portuguese_grand_prix,C1,C2,C3,https://press.pirelli.com/2021-portuguese-grand-prix---preview/
2021,spanish_grand_prix,C1,C2,C3,https://press.pirelli.com/2021-spanish-grand-prix---preview/
2021,monaco_grand_prix,C3,C4,C5,https://press.pirelli.com/2021-monaco-grand-prix---preview/
2021,azerbaijan_grand_prix,C3,C4,C5,https://press.pirelli.com/2021-azerbaijan-grand-prix---preview/
2021,french_grand_prix,C2,C3,C4,https://press.pirelli.com/2021-french-grand-prix---preview/
2021,styrian_grand_prix,C2,C3,C4,https://press.pirelli.com/2021-styrian-grand-prix---preview/
2021,austrian_grand_prix,C3,C4,C5,https://press.pirelli.com/2021-austrian-grand-prix---preview/
2021,british_grand_prix,C1,C2,C3,https://press.pirelli.com/2021-british-grand-prix---preview/
2021,hungarian_grand_prix,C2,C3,C4,https://press.pirelli.com/2021-hungarian-grand-prix---preview/
2021,belgian_grand_prix,C2,C3,C4,https://press.pirelli.com/2021-belgian-grand-prix---preview/
2021,dutch_grand_prix,C1,C2,C3,https://press.pirelli.com/2021-dutch-grand-prix---preview/
2021,italian_grand_prix,C2,C3,C4,https://press.pirelli.com/2021-italian-grand-prix---preview/
2021,russian_grand_prix,C3,C4,C5,https://press.pirelli.com/2021-russian-grand-prix---preview/
2021,turkish_grand_prix,C2,C3,C4,https://press.pirelli.com/2021-turkish-grand-prix---preview/
2021,united_states_grand_prix,C2,C3,C4,https://press.pirelli.com/2021-united-states-grand-prix---preview/
2021,mexico_city_grand_prix,C2,C3,C4,https://press.pirelli.com/2021-mexico-city-grand-prix---preview/
2021,são_paulo_grand_prix,C2,C3,C4,https://press.pirelli.com/2021-sao-paulo-grand-prix---preview/
2021,qatar_grand_prix,C1,C2,C3,https://press.pirelli.com/2021-qatar-grand-prix---preview/
2021,saudi_arabian_grand_prix,C2,C3,C4,https://press.pirelli.com/2021-saudi-arabian-grand-prix---preview/
2021,abu_dhabi_grand_prix,C3,C4,C5,https://press.pirelli.com/2021-abu-dhabi-grand-prix---preview/
2022,bahrain_grand_prix,C1,C2,C3,https://press.pirelli.com/2022-bahrain-grand-prix---preview/
2022,saudi_arabian_grand_prix,C2,C3,C4,https://press.pirelli.com/2022-saudi-arabian-grand-prix---preview/
2022,australian_grand_prix,C2,C3,C5,https://press.pirelli.com/2022-australian-grand-prix---preview/
2022,emilia_romagna_grand_prix,C2,C3,C4,https://press.pirelli.com/2022-italian-grand-prix---preview/
2022,miami_grand_prix,C2,C3,C4,https://press.pirelli.com/2022-miami-grand-prix---preview/
2022,spanish_grand_prix,C1,C2,C3,https://press.pirelli.com/2022-spanish-grand-prix---preview/
2022,monaco_grand_prix,C3,C4,C5,https://press.pirelli.com/2022-monaco-grand-prix---preview/
2022,azerbaijan_grand_prix,C3,C4,C5,https://press.pirelli.com/2022-azerbaijan-grand-prix---preview/
2022,canadian_grand_prix,C3,C4,C5,https://press.pirelli.com/2022-canadian-grand-prix---preview/
2022,british_grand_prix,C1,C2,C3,https://press.pirelli.com/2022-british-grand-prix---preview/
2022,austrian_grand_prix,C3,C4,C5,https://press.pirelli.com/2022-austrian-grand-prix---preview/
2022,french_grand_prix,C2,C3,C4,https://press.pirelli.com/2022-french-grand-prix---preview/
2022,hungarian_grand_prix,C2,C3,C4,https://press.pirelli.com/2022-hungarian-grand-prix---preview/
2022,belgian_grand_prix,C2,C3,C4,https://press.pirelli.com/2022-belgian-grand-prix---preview/
2022,dutch_grand_prix,C1,C2,C3,https://press.pirelli.com/2022-dutch-grand-prix---preview/
2022,italian_grand_prix,C2,C3,C4,https://press.pirelli.com/2022-monza-grand-prix---preview/
2022,singapore_grand_prix,C3,C4,C5,https://press.pirelli.com/2022-singapore-grand-prix---preview/
2022,japanese_grand_prix,C1,C2,C3,https://press.pirelli.com/2022-japanese-grand-prix---preview/
2022,united_states_grand_prix,C2,C3,C4,https://press.pirelli.com/2022-united-states-grand-prix---preview/
2022,mexico_city_grand_prix,C2,C3,C4,https://press.pirelli.com/2022-mexico-grand-prix---preview/
2022,são_paulo_grand_prix,C2,C3,C4,https://press.pirelli.com/2022-brazil-grand-prix---preview/
2022,abu_dhabi_grand_prix,C3,C4,C5,https://press.pirelli.com/2022-abu-dhabi-grand-prix---preview/
2023,bahrain_grand_prix,C1,C2,C3,https://press.pirelli.com/2023-bahrain-grand-prix---preview/
2023,saudi_arabian_grand_prix,C2,C3,C4,https://press.pirelli.com/2023-saudi-arabian-grand-prix---preview/
2023,australian_grand_prix,C2,C3,C4,https://press.pirelli.com/2023-australian-grand-prix---preview/
2023,azerbaijan_grand_prix,C3,C4,C5,https://press.pirelli.com/2023-azerbaijan-grand-prix---preview/
2023,miami_grand_prix,C2,C3,C4,https://press.pirelli.com/2023-miami-grand-prix---preview/
2023,monaco_grand_prix,C3,C4,C5,https://press.pirelli.com/2023-monaco-grand-prix---preview/
2023,spanish_grand_prix,C1,C2,C3,https://press.pirelli.com/2023-spanish-grand-prix---preview/
2023,canadian_grand_prix,C3,C4,C5,https://press.pirelli.com/2023-canadian-grand-prix---preview/
2023,austrian_grand_prix,C3,C4,C5,https://press.pirelli.com/2023-austrian-grand-prix---preview/
2023,british_grand_prix,C1,C2,C3,https://press.pirelli.com/2023-british-grand-prix---preview/
2023,hungarian_grand_prix,C3,C4,C5,https://press.pirelli.com/2023-hungarian-grand-prix---preview/
2023,belgian_grand_prix,C2,C3,C4,https://press.pirelli.com/2023-belgian-grand-prix---preview/
2023,dutch_grand_prix,C1,C2,C3,https://press.pirelli.com/2023-dutch-grand-prix---preview/
2023,italian_grand_prix,C3,C4,C5,https://press.pirelli.com/2023-italian-grand-prix---preview/
2023,singapore_grand_prix,C3,C4,C5,https://press.pirelli.com/2023-singapore-grand-prix---preview/
2023,japanese_grand_prix,C1,C2,C3,https://press.pirelli.com/2023-japanese-grand-prix---preview/
2023,qatar_grand_prix,C1,C2,C3,https://press.pirelli.com/2023-qatar-grand-prix---preview/
2023,united_states_grand_prix,C2,C3,C4,https://press.pirelli.com/2023-united-states-grand-prix---preview/
2023,mexico_city_grand_prix,C3,C4,C5,https://press.pirelli.com/2023-mexico-grand-prix---preview/
2023,são_paulo_grand_prix,C2,C3,C4,https://press.pirelli.com/2023-brazil-grand-prix---preview/
2023,las_vegas_grand_prix,C3,C4,C5,https://press.pirelli.com/2023-las-vegas-grand-prix---preview/
2023,abu_dhabi_grand_prix,C3,C4,C5,https://press.pirelli.com/2023-abu-dhabi-grand-prix---preview/
2024,bahrain_grand_prix,C1,C2,C3,https://press.pirelli.com/2024-bahrain-grand-prix---preview/
2024,saudi_arabian_grand_prix,C2,C3,C4,https://press.pirelli.com/2024-saudi-arabian-grand-prix---preview/
2024,australian_grand_prix,C3,C4,C5,https://press.pirelli.com/2024-australian-grand-prix---preview/
2024,japanese_grand_prix,C1,C2,C3,https://press.pirelli.com/2024-japanese-grand-prix---preview/
2024,chinese_grand_prix,C2,C3,C4,https://press.pirelli.com/2024-chinese-grand-prix---preview/
2024,miami_grand_prix,C2,C3,C4,https://press.pirelli.com/2024-miami-grand-prix---preview/
2024,emilia_romagna_grand_prix,C3,C4,C5,https://press.pirelli.com/2024-emilia-romagna-grand-prix---preview/
2024,monaco_grand_prix,C3,C4,C5,https://press.pirelli.com/2024-monaco-grand-prix---preview/
2024,canadian_grand_prix,C3,C4,C5,https://press.pirelli.com/2024-canadian-grand-prix---preview/
2024,spanish_grand_prix,C1,C2,C3,https://press.pirelli.com/2024-spanish-grand-prix---preview/
2024,austrian_grand_prix,C3,C4,C5,https://press.pirelli.com/2024-austrian-grand-prix---preview/
2024,british_grand_prix,C1,C2,C3,https://press.pirelli.com/2024-british-grand-prix---preview/
2024,hungarian_grand_prix,C3,C4,C5,https://press.pirelli.com/2024-hungarian-grand-prix---preview/
2024,belgian_grand_prix,C2,C3,C4,https://press.pirelli.com/2024-belgian-grand-prix---preview/
2024,dutch_grand_prix,C1,C2,C3,https://press.pirelli.com/2024-dutch-grand-prix---preview/
2024,italian_grand_prix,C2,C3,C4,https://press.pirelli.com/2024-italian-grand-prix---preview/
2024,azerbaijan_grand_prix,C3,C4,C5,https://press.pirelli.com/2024-azerbaijan-grand-prix---preview/
2024,singapore_grand_prix,C3,C4,C5,https://press.pirelli.com/2024-singapore-grand-prix---preview/
2024,united_states_grand_prix,C2,C3,C4,https://press.pirelli.com/2024-united-states-grand-prix---preview/
2024,mexico_city_grand_prix,C3,C4,C5,https://press.pirelli.com/2024-mexico-grand-prix---preview/
2024,são_paulo_grand_prix,C3,C4,C5,https://press.pirelli.com/2024-brazil-grand-prix---preview/
2024,las_vegas_grand_prix,C3,C4,C5,https://press.pirelli.com/2024-las-vegas-grand-prix---preview/
2024,qatar_grand_prix,C1,C2,C3,https://press.pirelli.com/2024-qatar-grand-prix---preview/
2024,abu_dhabi_grand_prix,C3,C4,C5,https://press.pirelli.com/2024-abu-dhabi-grand-prix---preview/
