structure,eras,pure_cov_2018,pure_cov_2019,pure_cov_2020,pure_cov_2021,pure_cov_2022,pure_cov_2023,pure_cov_2024,pure_cov_2025,V1a,V1b,V1b_median,V1c,V1c_ratio,r_2018-2019,n_2018-2019,r_2019-2020,n_2019-2020,r_2020-2021,n_2020-2021,r_2021-2022,n_2021-2022,r_2022-2023,n_2022-2023,r_2023-2024,n_2023-2024,r_2024-2025,n_2024-2025
current,2018-21 | 2022-25,0.813,0.883,0.857,0.871,0.87,0.868,0.862,0.952,PASS,FAIL,0.9160269675626344,PASS,0.7958259206331851,0.931,12,0.824,16,0.901,16,0.603,15,0.967,14,0.978,17,0.98,14
opt1_per_season,one era per season,0.11,0.199,0.193,0.105,0.105,0.104,0.199,0.188,PASS,FAIL,,FAIL,,,0,,0,,0,,0,,0,,0,,0
opt2_technical,2018 | 2019-20 | 2021 | 2022-24 | 2025,0.11,0.204,0.207,0.105,0.67,0.67,0.664,0.188,PASS,FAIL,0.9880472448263716,FAIL,1.621354398004309,,0,,0,,0,,0,0.995,10,0.981,13,,1
opt3_hybrid,2018-19 | 2020-21 | 2022-24 | 2025,0.264,0.388,0.457,0.488,0.67,0.67,0.664,0.188,PASS,PASS,0.9784916663957584,PASS,0.7003477349601939,0.976,5,0.356,5,0.996,9,0.701,8,0.995,10,0.981,13,,1
two_era_2019,2018 | 2019-25,0.11,0.976,0.936,0.955,0.958,0.967,0.966,0.952,PASS,PASS,0.9257255350253388,PASS,1.2726529404681497,,0,0.853,18,0.91,16,0.928,17,0.926,16,0.957,19,0.946,14
two_era_2020,2018-19 | 2020-25,0.264,0.388,0.836,0.856,0.958,0.967,0.966,0.952,PASS,PASS,0.9424259635393648,PASS,1.1787674248580358,0.976,5,0.541,7,0.925,14,0.942,17,0.942,16,0.966,19,0.952,14
two_era_2021,2018-20 | 2021-25,0.429,0.485,0.464,0.856,0.958,0.967,0.966,0.952,PASS,PASS,0.9526906933630176,FAIL,1.96547167223264,0.992,7,0.954,9,0.129,8,0.952,17,0.95,16,0.97,19,0.958,14
two_era_2023,2018-22 | 2023-25,0.813,0.883,0.857,0.871,0.859,0.486,0.465,0.572,PASS,PASS,0.9580115851706608,PASS,1.4300992621271902,0.957,12,0.915,16,0.969,16,0.977,16,0.297,7,0.959,10,0.928,8
two_era_2024,2018-23 | 2024-25,0.907,0.976,0.936,0.955,0.958,0.967,0.465,0.572,PASS,PASS,0.9326310236507231,PASS,0.8843557135578617,0.915,14,0.879,18,0.961,16,0.96,17,0.95,16,0.543,10,0.981,8
