driver_id,mu_posterior_mean_s,mu_posterior_se_s,mu_raw_mean_s,n_stints,n_seasons,era,fit_source,fit_timestamp
AIT,-4.554796181035955e-05,0.00015783884923787505,-0.009791928578419203,3,1,pre2022,bayesian_hierarchical_v1,2026-09-27T23:57:05.850597
ALB,4.0725254655023993e-07,2.346801354356696e-07,0.0067105066496583815,231,6,post2022,bayesian_hierarchical_v1,2026-09-27T23:57:05.850597
ALO,4.1949143869201574e-07,2.272620155093096e-07,0.007061778135519177,236,6,post2022,bayesian_hierarchical_v1,2026-09-27T23:57:05.850597
ANT,-1.5697887145267828e-06,3.3819536578660877e-06,-0.004368326279834463,39,1,post2022,bayesian_hierarchical_v1,2026-09-27T23:57:05.850597
BEA,3.0950510024787415e-06,2.7287679248749335e-06,0.009937308536855968,45,2,post2022,bayesian_hierarchical_v1,2026-09-27T23:57:05.850597
BOR,-3.4462331030937687e-06,2.9213016063881118e-06,-0.010573234077212265,43,1,post2022,bayesian_hierarchical_v1,2026-09-27T23:57:05.850597
BOT,-2.1404272328798067e-07,1.888560759648172e-07,-0.004076502359818678,267,7,pre2022,bayesian_hierarchical_v1,2026-09-27T23:57:05.850597
COL,-6.880454038991867e-07,2.3299354667546263e-06,-0.002454494290284076,50,2,post2022,bayesian_hierarchical_v1,2026-09-27T23:57:05.850597
DEV,-1.8467870877974314e-06,9.206007644288556e-06,-0.0026363576279833387,20,2,post2022,bayesian_hierarchical_v1,2026-09-27T23:57:05.850597
DOO,-2.627821329409534e-05,2.2556850219300503e-05,-0.0206440478755628,11,2,post2022,bayesian_hierarchical_v1,2026-09-27T23:57:05.850597
ERI,5.736536795594013e-06,7.004065026344994e-06,0.009825797643166465,24,1,pre2022,bayesian_hierarchical_v1,2026-09-27T23:57:05.850597
FIT,-4.440936536474832e-05,5.5934552402944646e-05,-0.019049895476422166,6,1,pre2022,bayesian_hierarchical_v1,2026-09-27T23:57:05.850597
GAS,2.2318617228762463e-07,1.6179404066892417e-07,0.004712297813429965,296,8,post2022,bayesian_hierarchical_v1,2026-09-27T23:57:05.850597
GIO,-2.684016684854438e-07,7.549260680694473e-07,-0.0020295589912877115,106,3,pre2022,bayesian_hierarchical_v1,2026-09-27T23:57:05.850597
GRO,-6.42427214496711e-08,1.0330044362845435e-06,-0.00039413621402346226,86,3,pre2022,bayesian_hierarchical_v1,2026-09-27T23:57:05.850597
HAD,8.136910592271196e-08,3.3819536578660877e-06,0.00022642971024031545,39,1,post2022,bayesian_hierarchical_v1,2026-09-27T23:57:05.850597
HAM,-7.382974398047095e-08,1.4062964544274025e-07,-0.0017115383025369615,325,8,post2022,bayesian_hierarchical_v1,2026-09-27T23:57:05.850597
HAR,9.514833483984561e-06,6.211929446404311e-06,0.01765476033419959,26,1,pre2022,bayesian_hierarchical_v1,2026-09-27T23:57:05.850597
HUL,3.2926913792585786e-07,2.91303177063789e-07,0.004697476651037448,200,7,post2022,bayesian_hierarchical_v1,2026-09-27T23:57:05.850597
KUB,-6.515298385040514e-07,2.4770340139930066e-06,-0.002231287558059857,48,2,pre2022,bayesian_hierarchical_v1,2026-09-27T23:57:05.850597
KVY,-4.720043160322825e-07,1.3770426305573038e-06,-0.0023907999202531973,71,2,pre2022,bayesian_hierarchical_v1,2026-09-27T23:57:05.850597
LAT,1.500435513873357e-07,6.858815373597702e-07,0.0012094915070134259,113,3,pre2022,bayesian_hierarchical_v1,2026-09-27T23:57:05.850597
LAW,-2.0352586050300227e-07,1.7725247745913457e-06,-0.0008712152782827413,60,3,post2022,bayesian_hierarchical_v1,2026-09-27T23:57:05.850597
LEC,-1.269510374091116e-07,1.6179404066892417e-07,-0.002680412903110635,296,8,post2022,bayesian_hierarchical_v1,2026-09-27T23:57:05.850597
MAG,-1.3684320603164577e-07,2.6319131030634133e-07,-0.002088904714867851,214,6,post2022,bayesian_hierarchical_v1,2026-09-27T23:57:05.850597
MAZ,4.150077905442855e-06,3.813272191053695e-06,0.010660584459781753,36,1,pre2022,bayesian_hierarchical_v1,2026-09-27T23:57:05.850597
MSC,2.6294177725793018e-06,1.2683747454640728e-06,0.014068739839097814,75,2,post2022,bayesian_hierarchical_v1,2026-09-27T23:57:05.850597
NOR,1.260168995405476e-07,1.7035320901534335e-07,0.002570805836691204,286,7,post2022,bayesian_hierarchical_v1,2026-09-27T23:57:05.850597
OCO,-2.317371463745776e-07,2.1485560096493835e-07,-0.00404985762409203,245,7,post2022,bayesian_hierarchical_v1,2026-09-27T23:57:05.850597
PER,8.849327980661344e-08,1.8675386701715917e-07,0.0016980026778285074,269,7,pre2022,bayesian_hierarchical_v1,2026-09-27T23:57:05.850597
PIA,-8.645250892901135e-07,5.082272047720902e-07,-0.008510478368268976,138,3,post2022,bayesian_hierarchical_v1,2026-09-27T23:57:05.850597
RAI,4.3003071287777244e-07,5.082272047720902e-07,0.0042332687911263624,138,4,pre2022,bayesian_hierarchical_v1,2026-09-27T23:57:05.850597
RIC,3.6148548691003444e-07,2.5249859213139915e-07,0.005672759697617582,220,7,pre2022,bayesian_hierarchical_v1,2026-09-27T23:57:05.850597
RUS,-1.2461384552526062e-07,1.7035320901534335e-07,-0.002542182854655908,286,7,post2022,bayesian_hierarchical_v1,2026-09-27T23:57:05.850597
SAI,-1.8253795103366312e-07,1.634477521848538e-07,-0.003828021570691105,294,8,post2022,bayesian_hierarchical_v1,2026-09-27T23:57:05.850597
SAR,-1.369515757841358e-07,1.2192857603425104e-06,-0.0007522981464640058,77,2,post2022,bayesian_hierarchical_v1,2026-09-27T23:57:05.850597
SIR,2.552679299755941e-06,4.77179467974255e-06,0.005646866020077169,31,1,pre2022,bayesian_hierarchical_v1,2026-09-27T23:57:05.850597
STR,-6.417897123971411e-09,1.5169219445679216e-07,-0.00014145688815207368,309,8,post2022,bayesian_hierarchical_v1,2026-09-27T23:57:05.850597
TSU,1.4457433077194892e-07,2.891320796933264e-07,0.002072863500471731,201,5,post2022,bayesian_hierarchical_v1,2026-09-27T23:57:05.850597
VAN,1.0288946122859603e-05,3.977815726594425e-06,0.02569603014067138,35,1,pre2022,bayesian_hierarchical_v1,2026-09-27T23:57:05.850597
VER,-2.6165084448696534e-07,1.4461573404745067e-07,-0.005953674339629426,319,8,post2022,bayesian_hierarchical_v1,2026-09-27T23:57:05.850597
VET,2.791139471451372e-07,3.717161758951697e-07,0.0033846942194538116,170,5,pre2022,bayesian_hierarchical_v1,2026-09-27T23:57:05.850597
ZHO,1.3683283946936077e-06,6.267553525797587e-07,0.01171319806840845,120,3,post2022,bayesian_hierarchical_v1,2026-09-27T23:57:05.850597
