scheme,circuit_key,n,races,coverage,below_lo,above_hi,mean_width
raw,abu_dhabi_grand_prix,1108,2,0.8646209386281588,0.08483754512635379,0.05054151624548736,6.337522029876709
raw,australian_grand_prix,925,2,0.7416216216216216,0.18162162162162163,0.07675675675675675,5.770235538482666
raw,austrian_grand_prix,1306,2,0.8185298621745789,0.08575803981623277,0.09571209800918837,6.33461856842041
raw,azerbaijan_grand_prix,1176,2,0.7797619047619048,0.15476190476190477,0.06547619047619048,6.260468482971191
raw,bahrain_grand_prix,922,2,0.8622559652928417,0.07809110629067245,0.0596529284164859,6.705346584320068
raw,belgian_grand_prix,657,2,0.8858447488584474,0.0624048706240487,0.0517503805175038,11.86283016204834
raw,british_grand_prix,842,2,0.6591448931116389,0.21971496437054633,0.12114014251781473,7.966150760650635
raw,canadian_grand_prix,1210,2,0.8859504132231405,0.08760330578512397,0.026446280991735537,9.5089750289917
raw,chinese_grand_prix,386,1,0.9481865284974094,0.018134715025906734,0.03367875647668394,8.76957893371582
raw,dutch_grand_prix,1467,2,0.7914110429447853,0.08588957055214724,0.12269938650306748,8.044212341308594
raw,emilia_romagna_grand_prix,788,1,0.8274111675126904,0.0583756345177665,0.11421319796954314,6.543956279754639
raw,hungarian_grand_prix,1563,2,0.8438899552143314,0.07293666026871401,0.08317338451695458,7.098961353302002
raw,italian_grand_prix,1079,2,0.8748841519925857,0.060240963855421686,0.06487488415199258,6.539677619934082
raw,japanese_grand_prix,733,2,0.849931787175989,0.1077762619372442,0.04229195088676671,9.74911117553711
raw,las_vegas_grand_prix,798,2,0.7731829573934837,0.09899749373433583,0.12781954887218044,8.163780212402344
raw,mexico_city_grand_prix,1544,2,0.8588082901554405,0.05699481865284974,0.08419689119170984,7.024594783782959
raw,miami_grand_prix,1282,2,0.7776911076443058,0.10062402496099844,0.12168486739469579,5.530547142028809
raw,monaco_grand_prix,1960,2,0.6806122448979591,0.2372448979591837,0.08214285714285714,10.55004596710205
raw,qatar_grand_prix,786,2,0.8180661577608143,0.11577608142493638,0.06615776081424936,6.159642696380615
raw,saudi_arabian_grand_prix,1013,2,0.7601184600197434,0.16288252714708787,0.0769990128331688,6.862001419067383
raw,singapore_grand_prix,1346,2,0.799405646359584,0.10549777117384844,0.0950965824665676,6.819767475128174
raw,spanish_grand_prix,1456,2,0.8564560439560439,0.08035714285714286,0.06318681318681318,8.131290435791016
raw,são_paulo_grand_prix,903,2,0.831672203765227,0.12292358803986711,0.04540420819490587,8.427087783813477
raw,united_states_grand_prix,974,2,0.8305954825462012,0.11088295687885011,0.058521560574948665,5.62619161605835
pooled_sym,abu_dhabi_grand_prix,1108,2,0.8871841155234657,0.07129963898916968,0.04151624548736462,6.787792205810547
pooled_sym,australian_grand_prix,925,2,0.772972972972973,0.16,0.06702702702702702,6.220505714416504
pooled_sym,austrian_grand_prix,1306,2,0.8522205206738132,0.06967840735068913,0.0781010719754977,6.784888744354248
pooled_sym,azerbaijan_grand_prix,1176,2,0.814625850340136,0.1326530612244898,0.05272108843537415,6.710738658905029
pooled_sym,bahrain_grand_prix,922,2,0.8796095444685467,0.07049891540130152,0.049891540130151846,7.155616760253906
pooled_sym,belgian_grand_prix,657,2,0.9025875190258752,0.0532724505327245,0.0441400304414003,12.31309986114502
pooled_sym,british_grand_prix,842,2,0.6888361045130641,0.20190023752969122,0.10926365795724466,8.416420936584473
pooled_sym,canadian_grand_prix,1210,2,0.9082644628099174,0.06859504132231405,0.023140495867768594,9.959244728088379
pooled_sym,chinese_grand_prix,386,1,0.9585492227979274,0.015544041450777202,0.025906735751295335,9.2198486328125
pooled_sym,dutch_grand_prix,1467,2,0.8234492160872529,0.06680299931833675,0.10974778459441036,8.494482040405273
pooled_sym,emilia_romagna_grand_prix,788,1,0.8477157360406091,0.04949238578680203,0.10279187817258884,6.994226932525635
pooled_sym,hungarian_grand_prix,1563,2,0.8733205374280231,0.05566218809980806,0.0710172744721689,7.54923152923584
pooled_sym,italian_grand_prix,1079,2,0.8962001853568119,0.051899907321594066,0.051899907321594066,6.989947319030762
pooled_sym,japanese_grand_prix,733,2,0.8635743519781719,0.09822646657571624,0.03819918144611187,10.199380874633789
pooled_sym,las_vegas_grand_prix,798,2,0.8070175438596491,0.08771929824561403,0.10526315789473684,8.614049911499023
pooled_sym,mexico_city_grand_prix,1544,2,0.8866580310880829,0.04533678756476684,0.06800518134715026,7.474864959716797
pooled_sym,miami_grand_prix,1282,2,0.8198127925117005,0.07956318252730109,0.10062402496099844,5.98081636428833
pooled_sym,monaco_grand_prix,1960,2,0.7025510204081633,0.22040816326530613,0.0770408163265306,11.00031566619873
pooled_sym,qatar_grand_prix,786,2,0.8473282442748091,0.09796437659033079,0.054707379134860054,6.609912395477295
pooled_sym,saudi_arabian_grand_prix,1013,2,0.7808489634748272,0.14708785784797632,0.07206317867719644,7.312271595001221
pooled_sym,singapore_grand_prix,1346,2,0.825408618127786,0.09063893016344725,0.08395245170876671,7.270037651062012
pooled_sym,spanish_grand_prix,1456,2,0.8743131868131868,0.07074175824175824,0.054945054945054944,8.581561088562012
pooled_sym,são_paulo_grand_prix,903,2,0.8527131782945736,0.10963455149501661,0.03765227021040975,8.877357482910156
pooled_sym,united_states_grand_prix,974,2,0.8613963039014374,0.08932238193018481,0.049281314168377825,6.0764617919921875
pooled_asym,abu_dhabi_grand_prix,1108,2,0.8898916967509025,0.06588447653429604,0.04422382671480144,6.792418479919434
pooled_asym,australian_grand_prix,925,2,0.7783783783783784,0.1545945945945946,0.06702702702702702,6.225131511688232
pooled_asym,austrian_grand_prix,1306,2,0.8499234303215927,0.06891271056661562,0.08116385911179173,6.789514064788818
pooled_asym,azerbaijan_grand_prix,1176,2,0.8197278911564626,0.125,0.055272108843537414,6.715364456176758
pooled_asym,bahrain_grand_prix,922,2,0.8796095444685467,0.06724511930585683,0.05314533622559653,7.160242557525635
pooled_asym,belgian_grand_prix,657,2,0.9025875190258752,0.0502283105022831,0.0471841704718417,12.317726135253906
pooled_asym,british_grand_prix,842,2,0.6888361045130641,0.19833729216152018,0.11282660332541568,8.42104721069336
pooled_asym,canadian_grand_prix,1210,2,0.9090909090909091,0.06694214876033058,0.023966942148760332,9.96387004852295
pooled_asym,chinese_grand_prix,386,1,0.961139896373057,0.012953367875647668,0.025906735751295335,9.224474906921387
pooled_asym,dutch_grand_prix,1467,2,0.8241308793456033,0.0627130197682345,0.11315610088616224,8.49910831451416
pooled_asym,emilia_romagna_grand_prix,788,1,0.8489847715736041,0.048223350253807105,0.10279187817258884,6.998852252960205
pooled_asym,hungarian_grand_prix,1563,2,0.872040946896993,0.05438259756877799,0.07357645553422905,7.553857326507568
pooled_asym,italian_grand_prix,1079,2,0.8934198331788693,0.051899907321594066,0.05468025949953661,6.99457311630249
pooled_asym,japanese_grand_prix,733,2,0.8649386084583902,0.09686221009549795,0.03819918144611187,10.204007148742676
pooled_asym,las_vegas_grand_prix,798,2,0.8020050125313283,0.08646616541353383,0.11152882205513784,8.618675231933594
pooled_asym,mexico_city_grand_prix,1544,2,0.8847150259067358,0.04404145077720207,0.07124352331606218,7.479490756988525
pooled_asym,miami_grand_prix,1282,2,0.8190327613104524,0.078003120124805,0.1029641185647426,5.985442638397217
pooled_asym,monaco_grand_prix,1960,2,0.7051020408163265,0.2173469387755102,0.07755102040816327,11.004941940307617
pooled_asym,qatar_grand_prix,786,2,0.8486005089058524,0.09287531806615776,0.058524173027989825,6.614538192749023
pooled_asym,saudi_arabian_grand_prix,1013,2,0.7838104639684107,0.14313919052319843,0.07305034550839092,7.316897392272949
pooled_asym,singapore_grand_prix,1346,2,0.8246656760772659,0.08766716196136701,0.08766716196136701,7.27466344833374
pooled_asym,spanish_grand_prix,1456,2,0.875,0.06799450549450549,0.057005494505494504,8.586187362670898
pooled_asym,são_paulo_grand_prix,903,2,0.8527131782945736,0.10741971207087486,0.03986710963455149,8.881983757019043
pooled_asym,united_states_grand_prix,974,2,0.864476386036961,0.08624229979466119,0.049281314168377825,6.081087112426758
mondrian_sym,abu_dhabi_grand_prix,1108,2,0.8637184115523465,0.08483754512635379,0.05144404332129964,6.314344047440143
mondrian_sym,australian_grand_prix,925,2,0.7589189189189189,0.17081081081081081,0.07027027027027027,5.979011941737899
mondrian_sym,austrian_grand_prix,1306,2,0.7970903522205207,0.09341500765696784,0.10949464012251149,6.082906063937857
mondrian_sym,azerbaijan_grand_prix,1176,2,0.7882653061224489,0.15136054421768708,0.06037414965986394,6.3550704430602964
mondrian_sym,bahrain_grand_prix,922,2,0.8383947939262473,0.08568329718004339,0.07592190889370933,6.266058626943591
mondrian_sym,belgian_grand_prix,657,2,0.91324200913242,0.0487062404870624,0.0380517503805175,12.615034998984896
mondrian_sym,british_grand_prix,842,2,0.6211401425178147,0.2375296912114014,0.14133016627078385,7.506084065225947
mondrian_sym,canadian_grand_prix,1210,2,0.9016528925619834,0.0743801652892562,0.023966942148760332,9.793977521065186
mondrian_sym,chinese_grand_prix,386,1,0.9585492227979274,0.015544041450777202,0.025906735751295335,9.219848863367568
mondrian_sym,dutch_grand_prix,1467,2,0.8486707566462167,0.05385139740967962,0.09747784594410361,8.916133351162028
mondrian_sym,emilia_romagna_grand_prix,788,1,0.8756345177664975,0.03934010152284264,0.0850253807106599,7.5870199302079
mondrian_sym,hungarian_grand_prix,1563,2,0.8739603326935381,0.05566218809980806,0.07037747920665387,7.573385085722728
mondrian_sym,italian_grand_prix,1079,2,0.8378127896200185,0.082483781278962,0.07970342910101946,6.014474699627326
mondrian_sym,japanese_grand_prix,733,2,0.844474761255116,0.11186903137789904,0.04365620736698499,9.589005939688986
mondrian_sym,las_vegas_grand_prix,798,2,0.8070175438596491,0.08771929824561403,0.10526315789473684,8.614049595261541
mondrian_sym,mexico_city_grand_prix,1544,2,0.8821243523316062,0.04727979274611399,0.0705958549222798,7.4137631996916
mondrian_sym,miami_grand_prix,1282,2,0.8205928237129485,0.07956318252730109,0.0998439937597504,5.998096745822766
mondrian_sym,monaco_grand_prix,1960,2,0.7244897959183674,0.20408163265306123,0.07142857142857142,11.52031339130789
mondrian_sym,qatar_grand_prix,786,2,0.9987277353689568,0.0,0.001272264631043257,19.369606054568074
mondrian_sym,saudi_arabian_grand_prix,1013,2,0.8223099703849951,0.11648568608094768,0.06120434353405726,8.260527969768859
mondrian_sym,singapore_grand_prix,1346,2,0.9353640416047548,0.02823179791976226,0.036404160475482915,10.674324422950125
mondrian_sym,spanish_grand_prix,1456,2,0.9141483516483516,0.05013736263736264,0.03571428571428571,9.87555267044509
mondrian_sym,são_paulo_grand_prix,903,2,0.8549280177187154,0.10741971207087486,0.03765227021040975,8.92942112172674
mondrian_sym,united_states_grand_prix,974,2,0.8429158110882957,0.10369609856262833,0.053388090349075976,5.734595401249354
mondrian_asym,abu_dhabi_grand_prix,1108,2,0.8664259927797834,0.08212996389891697,0.05144404332129964,6.329822951676345
mondrian_asym,australian_grand_prix,925,2,0.7643243243243243,0.13837837837837838,0.0972972972972973,5.859102481264148
mondrian_asym,austrian_grand_prix,1306,2,0.7656967840735069,0.06891271056661562,0.16539050535987748,5.928299724630816
mondrian_asym,azerbaijan_grand_prix,1176,2,0.7721088435374149,0.11139455782312925,0.11649659863945579,5.995356769380315
mondrian_asym,bahrain_grand_prix,922,2,0.8427331887201736,0.08676789587852494,0.07049891540130152,6.314556235512094
mondrian_asym,belgian_grand_prix,657,2,0.8858447488584474,0.0213089802130898,0.0928462709284627,12.44038763834646
mondrian_asym,british_grand_prix,842,2,0.6187648456057007,0.2007125890736342,0.18052256532066507,7.5241546944212745
mondrian_asym,canadian_grand_prix,1210,2,0.9041322314049587,0.06198347107438017,0.033884297520661154,9.700700754573269
mondrian_asym,chinese_grand_prix,386,1,0.961139896373057,0.012953367875647668,0.025906735751295335,9.224474727595833
mondrian_asym,dutch_grand_prix,1467,2,0.8302658486707567,0.08861622358554874,0.08111792774369461,8.731273776532108
mondrian_asym,emilia_romagna_grand_prix,788,1,0.751269035532995,0.0266497461928934,0.22208121827411167,6.706335335535794
mondrian_asym,hungarian_grand_prix,1563,2,0.8688419705694178,0.07933461292386436,0.05182341650671785,7.790755673372648
mondrian_asym,italian_grand_prix,1079,2,0.8322520852641334,0.06672845227062095,0.1010194624652456,5.970429340503763
mondrian_asym,japanese_grand_prix,733,2,0.8308321964529332,0.15006821282401092,0.019099590723055934,10.185954942681956
mondrian_asym,las_vegas_grand_prix,798,2,0.8020050125313283,0.08646616541353383,0.11152882205513784,8.618675459489808
mondrian_asym,mexico_city_grand_prix,1544,2,0.8866580310880829,0.05310880829015544,0.06023316062176166,7.473134425160849
mondrian_asym,miami_grand_prix,1282,2,0.7909516380655226,0.13260530421216848,0.07644305772230889,5.894937067251182
mondrian_asym,monaco_grand_prix,1960,2,0.725,0.20408163265306123,0.07091836734693878,11.529994213461691
mondrian_asym,qatar_grand_prix,786,2,0.9936386768447837,0.005089058524173028,0.001272264631043257,20.248176872612834
mondrian_asym,saudi_arabian_grand_prix,1013,2,0.8232971372161896,0.10069101678183613,0.07601184600197433,7.843152414359077
mondrian_asym,singapore_grand_prix,1346,2,0.8900445765230312,0.01337295690936107,0.09658246656760773,10.293290474452633
mondrian_asym,spanish_grand_prix,1456,2,0.882554945054945,0.09684065934065934,0.020604395604395604,9.762207665287873
mondrian_asym,são_paulo_grand_prix,903,2,0.8648947951273532,0.08084163898117387,0.05426356589147287,8.979654129034436
mondrian_asym,united_states_grand_prix,974,2,0.8449691991786448,0.10369609856262833,0.0513347022587269,5.826231716582763
