scheme,compound,band,circuit_key,n,coverage,mean_width
raw,HARD,11-15,abu_dhabi_grand_prix,215,0.8930232558139535,5.181912422180176
raw,HARD,11-15,australian_grand_prix,184,0.8152173913043478,4.576257705688477
raw,HARD,11-15,austrian_grand_prix,189,0.7513227513227513,6.378471374511719
raw,HARD,11-15,azerbaijan_grand_prix,180,0.7722222222222223,4.67229700088501
raw,HARD,11-15,bahrain_grand_prix,176,0.7556818181818182,7.119967460632324
raw,HARD,11-15,belgian_grand_prix,68,0.8088235294117647,6.977924346923828
raw,HARD,11-15,canadian_grand_prix,111,0.8648648648648649,4.948950290679932
raw,HARD,11-15,chinese_grand_prix,63,0.9841269841269841,11.223100662231445
raw,HARD,11-15,dutch_grand_prix,90,0.7333333333333333,4.624752998352051
raw,HARD,11-15,emilia_romagna_grand_prix,88,0.8863636363636364,5.382675647735596
raw,HARD,11-15,hungarian_grand_prix,237,0.890295358649789,8.28703784942627
raw,HARD,11-15,italian_grand_prix,172,0.8313953488372093,6.210538864135742
raw,HARD,11-15,japanese_grand_prix,130,0.7769230769230769,8.157390594482422
raw,HARD,11-15,las_vegas_grand_prix,178,0.7359550561797753,7.747863292694092
raw,HARD,11-15,mexico_city_grand_prix,137,0.8540145985401459,7.93993616104126
raw,HARD,11-15,miami_grand_prix,137,0.7518248175182481,4.611956596374512
raw,HARD,11-15,monaco_grand_prix,127,0.7559055118110236,13.088372230529785
raw,HARD,11-15,qatar_grand_prix,71,0.8732394366197183,4.589963436126709
raw,HARD,11-15,saudi_arabian_grand_prix,109,0.5779816513761468,4.860692024230957
raw,HARD,11-15,singapore_grand_prix,147,0.8571428571428571,5.842490196228027
raw,HARD,11-15,spanish_grand_prix,139,0.8848920863309353,9.31857967376709
raw,HARD,11-15,united_states_grand_prix,128,0.8125,4.83318567276001
raw,HARD,16-20,abu_dhabi_grand_prix,152,0.881578947368421,7.251041412353516
raw,HARD,16-20,australian_grand_prix,146,0.815068493150685,5.516269207000732
raw,HARD,16-20,austrian_grand_prix,167,0.7065868263473054,8.394670486450195
raw,HARD,16-20,azerbaijan_grand_prix,171,0.8421052631578947,5.474996089935303
raw,HARD,16-20,bahrain_grand_prix,85,0.8588235294117647,6.799272537231445
raw,HARD,16-20,belgian_grand_prix,32,0.6875,6.034969329833984
raw,HARD,16-20,canadian_grand_prix,115,0.9130434782608695,6.236355781555176
raw,HARD,16-20,chinese_grand_prix,61,0.9344262295081968,7.584990501403809
raw,HARD,16-20,dutch_grand_prix,98,0.826530612244898,5.763530731201172
raw,HARD,16-20,emilia_romagna_grand_prix,79,0.9240506329113924,5.742896556854248
raw,HARD,16-20,hungarian_grand_prix,232,0.8275862068965517,9.165422439575195
raw,HARD,16-20,italian_grand_prix,113,0.8141592920353983,6.668066501617432
raw,HARD,16-20,japanese_grand_prix,59,0.864406779661017,9.129676818847656
raw,HARD,16-20,las_vegas_grand_prix,104,0.8173076923076923,8.186861038208008
raw,HARD,16-20,mexico_city_grand_prix,133,0.8646616541353384,6.883092880249023
raw,HARD,16-20,miami_grand_prix,122,0.7786885245901639,4.586348056793213
raw,HARD,16-20,monaco_grand_prix,98,0.673469387755102,12.298311233520508
raw,HARD,16-20,saudi_arabian_grand_prix,108,0.75,5.425017356872559
raw,HARD,16-20,singapore_grand_prix,97,0.7835051546391752,7.613461017608643
raw,HARD,16-20,spanish_grand_prix,109,0.9174311926605505,9.73078441619873
raw,HARD,16-20,united_states_grand_prix,85,0.7647058823529411,5.498077392578125
raw,HARD,2-5,abu_dhabi_grand_prix,105,0.9333333333333333,6.446475028991699
raw,HARD,2-5,australian_grand_prix,81,0.6049382716049383,7.036843299865723
raw,HARD,2-5,austrian_grand_prix,97,0.8762886597938144,6.217438220977783
raw,HARD,2-5,azerbaijan_grand_prix,69,0.8985507246376812,9.440916061401367
raw,HARD,2-5,bahrain_grand_prix,114,0.868421052631579,6.171945571899414
raw,HARD,2-5,belgian_grand_prix,43,0.8837209302325582,7.964383125305176
raw,HARD,2-5,dutch_grand_prix,38,0.7894736842105263,6.054571151733398
raw,HARD,2-5,emilia_romagna_grand_prix,35,0.9714285714285714,6.725454330444336
raw,HARD,2-5,hungarian_grand_prix,131,0.8854961832061069,7.002617835998535
raw,HARD,2-5,italian_grand_prix,115,0.9130434782608695,7.005982398986816
raw,HARD,2-5,japanese_grand_prix,89,0.9101123595505618,9.230975151062012
raw,HARD,2-5,las_vegas_grand_prix,105,0.6857142857142857,8.580845832824707
raw,HARD,2-5,mexico_city_grand_prix,60,0.9,8.876351356506348
raw,HARD,2-5,miami_grand_prix,54,0.8703703703703703,7.296737194061279
raw,HARD,2-5,monaco_grand_prix,57,0.9824561403508771,10.981830596923828
raw,HARD,2-5,qatar_grand_prix,52,0.7307692307692307,6.815951824188232
raw,HARD,2-5,saudi_arabian_grand_prix,50,0.9,11.894367218017578
raw,HARD,2-5,singapore_grand_prix,56,0.8928571428571429,8.082082748413086
raw,HARD,2-5,spanish_grand_prix,68,0.8382352941176471,8.646305084228516
raw,HARD,2-5,united_states_grand_prix,52,0.8846153846153846,5.661954402923584
raw,HARD,21-30,abu_dhabi_grand_prix,129,0.8837209302325582,6.809493064880371
raw,HARD,21-30,australian_grand_prix,177,0.807909604519774,5.525341033935547
raw,HARD,21-30,austrian_grand_prix,80,0.9,6.5810699462890625
raw,HARD,21-30,azerbaijan_grand_prix,321,0.735202492211838,6.700498104095459
raw,HARD,21-30,canadian_grand_prix,163,0.852760736196319,7.963884353637695
raw,HARD,21-30,chinese_grand_prix,98,0.9387755102040817,7.359370708465576
raw,HARD,21-30,dutch_grand_prix,172,0.75,9.011245727539062
raw,HARD,21-30,emilia_romagna_grand_prix,140,0.8285714285714286,7.7473931312561035
raw,HARD,21-30,hungarian_grand_prix,193,0.7253886010362695,6.851136207580566
raw,HARD,21-30,italian_grand_prix,125,0.84,7.426486492156982
raw,HARD,21-30,japanese_grand_prix,31,0.8064516129032258,11.009915351867676
raw,HARD,21-30,las_vegas_grand_prix,51,0.7254901960784313,7.52064323425293
raw,HARD,21-30,mexico_city_grand_prix,249,0.8795180722891566,6.5235795974731445
raw,HARD,21-30,miami_grand_prix,244,0.8032786885245902,4.229472637176514
raw,HARD,21-30,monaco_grand_prix,216,0.7962962962962963,9.560973167419434
raw,HARD,21-30,saudi_arabian_grand_prix,226,0.827433628318584,6.4705705642700195
raw,HARD,21-30,singapore_grand_prix,154,0.6168831168831169,7.0930633544921875
raw,HARD,21-30,spanish_grand_prix,83,0.8433734939759037,9.237997055053711
raw,HARD,21-30,united_states_grand_prix,89,0.797752808988764,4.658926486968994
raw,HARD,31-+,abu_dhabi_grand_prix,38,0.9210526315789473,6.8102874755859375
raw,HARD,31-+,australian_grand_prix,141,0.5460992907801419,7.747005462646484
raw,HARD,31-+,azerbaijan_grand_prix,163,0.656441717791411,5.987854957580566
raw,HARD,31-+,canadian_grand_prix,78,0.6666666666666666,6.142810344696045
raw,HARD,31-+,dutch_grand_prix,137,0.7956204379562044,6.495556831359863
raw,HARD,31-+,emilia_romagna_grand_prix,76,0.6842105263157895,6.765038967132568
raw,HARD,31-+,mexico_city_grand_prix,115,0.7478260869565218,7.383944034576416
raw,HARD,31-+,miami_grand_prix,128,0.71875,4.625672340393066
raw,HARD,31-+,monaco_grand_prix,507,0.6074950690335306,9.321929931640625
raw,HARD,31-+,saudi_arabian_grand_prix,107,0.9065420560747663,6.347999572753906
raw,HARD,31-+,singapore_grand_prix,82,0.8170731707317073,6.781439781188965
raw,HARD,6-10,abu_dhabi_grand_prix,237,0.8396624472573839,5.274377822875977
raw,HARD,6-10,australian_grand_prix,115,0.7565217391304347,4.886250019073486
raw,HARD,6-10,austrian_grand_prix,208,0.8846153846153846,5.372141361236572
raw,HARD,6-10,azerbaijan_grand_prix,174,0.8390804597701149,6.883815765380859
raw,HARD,6-10,bahrain_grand_prix,244,0.9590163934426229,5.821151256561279
raw,HARD,6-10,belgian_grand_prix,97,0.9587628865979382,11.321654319763184
raw,HARD,6-10,canadian_grand_prix,113,0.8761061946902655,7.775763511657715
raw,HARD,6-10,chinese_grand_prix,35,1.0,10.593929290771484
raw,HARD,6-10,dutch_grand_prix,94,0.7978723404255319,5.433474063873291
raw,HARD,6-10,emilia_romagna_grand_prix,84,0.9523809523809523,6.237163066864014
raw,HARD,6-10,hungarian_grand_prix,250,0.896,5.910758018493652
raw,HARD,6-10,italian_grand_prix,214,0.9252336448598131,5.543168544769287
raw,HARD,6-10,japanese_grand_prix,187,0.839572192513369,10.029926300048828
raw,HARD,6-10,las_vegas_grand_prix,235,0.8212765957446808,7.37000846862793
raw,HARD,6-10,mexico_city_grand_prix,144,0.8888888888888888,9.57754898071289
raw,HARD,6-10,miami_grand_prix,126,0.7777777777777778,6.053628444671631
raw,HARD,6-10,monaco_grand_prix,125,0.824,11.717080116271973
raw,HARD,6-10,qatar_grand_prix,133,0.7443609022556391,5.2700419425964355
raw,HARD,6-10,saudi_arabian_grand_prix,126,0.7301587301587301,6.762333393096924
raw,HARD,6-10,singapore_grand_prix,145,0.8620689655172413,6.5675272941589355
raw,HARD,6-10,spanish_grand_prix,158,0.740506329113924,11.288200378417969
raw,HARD,6-10,united_states_grand_prix,145,0.8551724137931035,5.751529693603516
raw,INTERMEDIATE,11-15,canadian_grand_prix,115,1.0,14.949838638305664
raw,INTERMEDIATE,11-15,monaco_grand_prix,72,0.9861111111111112,23.437664031982422
raw,INTERMEDIATE,16-20,canadian_grand_prix,57,1.0,17.37522315979004
raw,INTERMEDIATE,16-20,monaco_grand_prix,53,0.9811320754716981,16.489139556884766
raw,INTERMEDIATE,2-5,canadian_grand_prix,45,1.0,17.1121883392334
raw,INTERMEDIATE,2-5,são_paulo_grand_prix,30,0.9,13.048371315002441
raw,INTERMEDIATE,21-30,são_paulo_grand_prix,142,0.7394366197183099,10.067605018615723
raw,INTERMEDIATE,31-+,são_paulo_grand_prix,30,0.9333333333333333,8.084976196289062
raw,INTERMEDIATE,6-10,canadian_grand_prix,148,1.0,15.146364212036133
raw,INTERMEDIATE,6-10,monaco_grand_prix,68,0.9852941176470589,23.1162109375
raw,MEDIUM,11-15,abu_dhabi_grand_prix,49,0.7142857142857143,8.555868148803711
raw,MEDIUM,11-15,austrian_grand_prix,142,0.8098591549295775,4.9738006591796875
raw,MEDIUM,11-15,belgian_grand_prix,44,0.9318181818181818,14.13891315460205
raw,MEDIUM,11-15,british_grand_prix,131,0.7099236641221374,8.447893142700195
raw,MEDIUM,11-15,canadian_grand_prix,36,0.6666666666666666,4.902766704559326
raw,MEDIUM,11-15,dutch_grand_prix,101,0.6732673267326733,5.574324131011963
raw,MEDIUM,11-15,emilia_romagna_grand_prix,71,0.7183098591549296,5.396543502807617
raw,MEDIUM,11-15,hungarian_grand_prix,114,0.8596491228070176,5.388470649719238
raw,MEDIUM,11-15,italian_grand_prix,66,0.8787878787878788,7.826908111572266
raw,MEDIUM,11-15,japanese_grand_prix,42,0.8333333333333334,8.964670181274414
raw,MEDIUM,11-15,mexico_city_grand_prix,185,0.8324324324324325,5.175477981567383
raw,MEDIUM,11-15,miami_grand_prix,121,0.743801652892562,6.38283634185791
raw,MEDIUM,11-15,monaco_grand_prix,72,0.6388888888888888,5.760059833526611
raw,MEDIUM,11-15,qatar_grand_prix,92,0.8586956521739131,4.658740997314453
raw,MEDIUM,11-15,saudi_arabian_grand_prix,46,0.45652173913043476,5.358928680419922
raw,MEDIUM,11-15,singapore_grand_prix,162,0.8580246913580247,6.889700412750244
raw,MEDIUM,11-15,spanish_grand_prix,136,0.7573529411764706,8.57011604309082
raw,MEDIUM,11-15,são_paulo_grand_prix,65,0.9538461538461539,5.962471961975098
raw,MEDIUM,11-15,united_states_grand_prix,128,0.84375,4.780540466308594
raw,MEDIUM,16-20,abu_dhabi_grand_prix,32,0.71875,7.040309429168701
raw,MEDIUM,16-20,austrian_grand_prix,71,0.7887323943661971,6.58396053314209
raw,MEDIUM,16-20,british_grand_prix,123,0.1951219512195122,11.532151222229004
raw,MEDIUM,16-20,canadian_grand_prix,61,0.819672131147541,6.63079833984375
raw,MEDIUM,16-20,dutch_grand_prix,90,0.6888888888888889,8.828774452209473
raw,MEDIUM,16-20,emilia_romagna_grand_prix,52,0.9038461538461539,6.78544807434082
raw,MEDIUM,16-20,hungarian_grand_prix,63,0.7301587301587301,7.98435115814209
raw,MEDIUM,16-20,mexico_city_grand_prix,155,0.9225806451612903,5.309893608093262
raw,MEDIUM,16-20,miami_grand_prix,62,0.7419354838709677,6.00733757019043
raw,MEDIUM,16-20,monaco_grand_prix,42,0.47619047619047616,9.23994255065918
raw,MEDIUM,16-20,qatar_grand_prix,73,0.9452054794520548,4.025066375732422
raw,MEDIUM,16-20,saudi_arabian_grand_prix,37,0.5945945945945946,5.5797529220581055
raw,MEDIUM,16-20,singapore_grand_prix,81,0.8518518518518519,6.219055652618408
raw,MEDIUM,16-20,spanish_grand_prix,92,0.967391304347826,8.472992897033691
raw,MEDIUM,16-20,são_paulo_grand_prix,45,0.7777777777777778,8.700260162353516
raw,MEDIUM,16-20,united_states_grand_prix,60,0.9166666666666666,5.2920966148376465
raw,MEDIUM,2-5,abu_dhabi_grand_prix,56,0.9107142857142857,9.741449356079102
raw,MEDIUM,2-5,austrian_grand_prix,125,0.872,7.960987091064453
raw,MEDIUM,2-5,azerbaijan_grand_prix,51,0.7843137254901961,6.72408390045166
raw,MEDIUM,2-5,belgian_grand_prix,69,0.9565217391304348,15.399288177490234
raw,MEDIUM,2-5,british_grand_prix,68,0.45588235294117646,6.403957366943359
raw,MEDIUM,2-5,chinese_grand_prix,31,0.9032258064516129,8.510578155517578
raw,MEDIUM,2-5,dutch_grand_prix,46,0.782608695652174,5.959611892700195
raw,MEDIUM,2-5,emilia_romagna_grand_prix,46,0.7391304347826086,6.391068935394287
raw,MEDIUM,2-5,hungarian_grand_prix,98,0.826530612244898,7.381453514099121
raw,MEDIUM,2-5,italian_grand_prix,96,0.875,7.110305309295654
raw,MEDIUM,2-5,japanese_grand_prix,49,0.8775510204081632,11.385628700256348
raw,MEDIUM,2-5,las_vegas_grand_prix,33,0.8787878787878788,8.657890319824219
raw,MEDIUM,2-5,mexico_city_grand_prix,34,0.9705882352941176,8.148771286010742
raw,MEDIUM,2-5,miami_grand_prix,77,0.922077922077922,7.398136138916016
raw,MEDIUM,2-5,monaco_grand_prix,41,0.8536585365853658,7.732911586761475
raw,MEDIUM,2-5,qatar_grand_prix,62,0.7258064516129032,11.507857322692871
raw,MEDIUM,2-5,singapore_grand_prix,71,0.7605633802816901,6.937493801116943
raw,MEDIUM,2-5,spanish_grand_prix,69,0.8840579710144928,6.523390769958496
raw,MEDIUM,2-5,united_states_grand_prix,68,0.7794117647058824,7.5442352294921875
raw,MEDIUM,21-30,austrian_grand_prix,39,0.8461538461538461,7.47273588180542
raw,MEDIUM,21-30,british_grand_prix,51,0.37254901960784315,5.288435935974121
raw,MEDIUM,21-30,canadian_grand_prix,49,0.8775510204081632,6.068246841430664
raw,MEDIUM,21-30,dutch_grand_prix,60,0.9,6.5165486335754395
raw,MEDIUM,21-30,emilia_romagna_grand_prix,38,0.6842105263157895,10.903191566467285
raw,MEDIUM,21-30,hungarian_grand_prix,34,0.7941176470588235,6.448396682739258
raw,MEDIUM,21-30,mexico_city_grand_prix,134,0.8432835820895522,6.5935187339782715
raw,MEDIUM,21-30,miami_grand_prix,33,0.6060606060606061,7.701881408691406
raw,MEDIUM,21-30,monaco_grand_prix,111,0.3783783783783784,5.989264011383057
raw,MEDIUM,21-30,qatar_grand_prix,114,0.9210526315789473,5.369295120239258
raw,MEDIUM,21-30,saudi_arabian_grand_prix,64,0.78125,7.216855525970459
raw,MEDIUM,21-30,singapore_grand_prix,82,0.8048780487804879,8.685550689697266
raw,MEDIUM,31-+,monaco_grand_prix,218,0.4724770642201835,7.314226150512695
raw,MEDIUM,6-10,abu_dhabi_grand_prix,79,0.8227848101265823,5.683737754821777
raw,MEDIUM,6-10,austrian_grand_prix,187,0.8235294117647058,5.102629661560059
raw,MEDIUM,6-10,azerbaijan_grand_prix,42,0.9047619047619048,5.490579605102539
raw,MEDIUM,6-10,belgian_grand_prix,119,0.9411764705882353,18.802385330200195
raw,MEDIUM,6-10,british_grand_prix,158,0.8607594936708861,5.517096519470215
raw,MEDIUM,6-10,canadian_grand_prix,40,0.9,5.679086208343506
raw,MEDIUM,6-10,chinese_grand_prix,38,1.0,8.785846710205078
raw,MEDIUM,6-10,dutch_grand_prix,118,0.7796610169491526,6.081546783447266
raw,MEDIUM,6-10,emilia_romagna_grand_prix,77,0.7662337662337663,5.305874824523926
raw,MEDIUM,6-10,hungarian_grand_prix,168,0.9226190476190477,5.270400047302246
raw,MEDIUM,6-10,italian_grand_prix,144,0.9027777777777778,5.8040337562561035
raw,MEDIUM,6-10,japanese_grand_prix,110,0.9272727272727272,11.736259460449219
raw,MEDIUM,6-10,las_vegas_grand_prix,58,0.8620689655172413,10.91024398803711
raw,MEDIUM,6-10,mexico_city_grand_prix,184,0.842391304347826,7.63526725769043
raw,MEDIUM,6-10,miami_grand_prix,162,0.7839506172839507,6.162010192871094
raw,MEDIUM,6-10,monaco_grand_prix,72,0.7638888888888888,6.652908802032471
raw,MEDIUM,6-10,qatar_grand_prix,162,0.7654320987654321,7.405189037322998
raw,MEDIUM,6-10,saudi_arabian_grand_prix,73,0.7397260273972602,11.273061752319336
raw,MEDIUM,6-10,singapore_grand_prix,174,0.8390804597701149,6.088289260864258
raw,MEDIUM,6-10,spanish_grand_prix,160,0.9,5.804176330566406
raw,MEDIUM,6-10,são_paulo_grand_prix,67,0.9402985074626866,5.5332159996032715
raw,MEDIUM,6-10,united_states_grand_prix,187,0.8342245989304813,6.540435791015625
raw,SOFT,11-15,bahrain_grand_prix,33,0.9393939393939394,9.903541564941406
raw,SOFT,11-15,belgian_grand_prix,36,0.8055555555555556,14.688814163208008
raw,SOFT,11-15,british_grand_prix,60,1.0,9.558351516723633
raw,SOFT,11-15,dutch_grand_prix,71,0.9154929577464789,13.203009605407715
raw,SOFT,11-15,spanish_grand_prix,90,0.9,6.585312843322754
raw,SOFT,11-15,são_paulo_grand_prix,107,0.8130841121495327,8.025680541992188
raw,SOFT,16-20,dutch_grand_prix,73,0.7534246575342466,10.01781177520752
raw,SOFT,16-20,spanish_grand_prix,32,0.84375,7.522556304931641
raw,SOFT,16-20,são_paulo_grand_prix,64,0.90625,6.754455089569092
raw,SOFT,2-5,bahrain_grand_prix,131,0.9389312977099237,7.807109832763672
raw,SOFT,2-5,belgian_grand_prix,37,0.918918918918919,7.25161600112915
raw,SOFT,2-5,british_grand_prix,33,0.7575757575757576,7.766280651092529
raw,SOFT,2-5,dutch_grand_prix,49,0.9795918367346939,10.6718111038208
raw,SOFT,2-5,spanish_grand_prix,112,0.8035714285714286,8.543819427490234
raw,SOFT,2-5,são_paulo_grand_prix,100,0.94,9.711653709411621
raw,SOFT,21-30,dutch_grand_prix,91,0.8901098901098901,10.003495216369629
raw,SOFT,6-10,bahrain_grand_prix,114,0.7543859649122807,6.255620002746582
raw,SOFT,6-10,belgian_grand_prix,65,0.8153846153846154,8.201029777526855
raw,SOFT,6-10,british_grand_prix,88,0.9204545454545454,9.615067481994629
raw,SOFT,6-10,dutch_grand_prix,90,0.7222222222222222,12.44759750366211
raw,SOFT,6-10,singapore_grand_prix,31,0.8387096774193549,5.052380084991455
raw,SOFT,6-10,spanish_grand_prix,181,0.8895027624309392,5.765055179595947
raw,SOFT,6-10,são_paulo_grand_prix,158,0.8481012658227848,8.678141593933105
pooled_sym,HARD,11-15,abu_dhabi_grand_prix,215,0.9255813953488372,5.6321821212768555
pooled_sym,HARD,11-15,australian_grand_prix,184,0.8586956521739131,5.0265278816223145
pooled_sym,HARD,11-15,austrian_grand_prix,189,0.7883597883597884,6.828741073608398
pooled_sym,HARD,11-15,azerbaijan_grand_prix,180,0.8,5.122567176818848
pooled_sym,HARD,11-15,bahrain_grand_prix,176,0.7840909090909091,7.570237636566162
pooled_sym,HARD,11-15,belgian_grand_prix,68,0.8382352941176471,7.428194522857666
pooled_sym,HARD,11-15,canadian_grand_prix,111,0.9009009009009009,5.399219989776611
pooled_sym,HARD,11-15,chinese_grand_prix,63,0.9841269841269841,11.673371315002441
pooled_sym,HARD,11-15,dutch_grand_prix,90,0.8,5.075023174285889
pooled_sym,HARD,11-15,emilia_romagna_grand_prix,88,0.8977272727272727,5.832945346832275
pooled_sym,HARD,11-15,hungarian_grand_prix,237,0.9240506329113924,8.73730754852295
pooled_sym,HARD,11-15,italian_grand_prix,172,0.8546511627906976,6.660808563232422
pooled_sym,HARD,11-15,japanese_grand_prix,130,0.7846153846153846,8.607661247253418
pooled_sym,HARD,11-15,las_vegas_grand_prix,178,0.8033707865168539,8.19813346862793
pooled_sym,HARD,11-15,mexico_city_grand_prix,137,0.8540145985401459,8.390205383300781
pooled_sym,HARD,11-15,miami_grand_prix,137,0.8175182481751825,5.062226295471191
pooled_sym,HARD,11-15,monaco_grand_prix,127,0.7795275590551181,13.538642883300781
pooled_sym,HARD,11-15,qatar_grand_prix,71,0.9154929577464789,5.040233135223389
pooled_sym,HARD,11-15,saudi_arabian_grand_prix,109,0.6330275229357798,5.310961723327637
pooled_sym,HARD,11-15,singapore_grand_prix,147,0.8775510204081632,6.292760372161865
pooled_sym,HARD,11-15,spanish_grand_prix,139,0.9064748201438849,9.76884937286377
pooled_sym,HARD,11-15,united_states_grand_prix,128,0.828125,5.2834553718566895
pooled_sym,HARD,16-20,abu_dhabi_grand_prix,152,0.9078947368421053,7.701310634613037
pooled_sym,HARD,16-20,australian_grand_prix,146,0.8287671232876712,5.96653938293457
pooled_sym,HARD,16-20,austrian_grand_prix,167,0.7245508982035929,8.844940185546875
pooled_sym,HARD,16-20,azerbaijan_grand_prix,171,0.8771929824561403,5.925266265869141
pooled_sym,HARD,16-20,bahrain_grand_prix,85,0.8941176470588236,7.249542713165283
pooled_sym,HARD,16-20,belgian_grand_prix,32,0.71875,6.485239028930664
pooled_sym,HARD,16-20,canadian_grand_prix,115,0.9304347826086956,6.6866254806518555
pooled_sym,HARD,16-20,chinese_grand_prix,61,0.9344262295081968,8.035260200500488
pooled_sym,HARD,16-20,dutch_grand_prix,98,0.8571428571428571,6.213800430297852
pooled_sym,HARD,16-20,emilia_romagna_grand_prix,79,0.9240506329113924,6.193166732788086
pooled_sym,HARD,16-20,hungarian_grand_prix,232,0.853448275862069,9.615693092346191
pooled_sym,HARD,16-20,italian_grand_prix,113,0.8584070796460177,7.118336200714111
pooled_sym,HARD,16-20,japanese_grand_prix,59,0.8813559322033898,9.579946517944336
pooled_sym,HARD,16-20,las_vegas_grand_prix,104,0.8557692307692307,8.637131690979004
pooled_sym,HARD,16-20,mexico_city_grand_prix,133,0.9022556390977443,7.333362579345703
pooled_sym,HARD,16-20,miami_grand_prix,122,0.8032786885245902,5.036618232727051
pooled_sym,HARD,16-20,monaco_grand_prix,98,0.6836734693877551,12.748580932617188
pooled_sym,HARD,16-20,saudi_arabian_grand_prix,108,0.7592592592592593,5.875287055969238
pooled_sym,HARD,16-20,singapore_grand_prix,97,0.8144329896907216,8.06373119354248
pooled_sym,HARD,16-20,spanish_grand_prix,109,0.9357798165137615,10.181055068969727
pooled_sym,HARD,16-20,united_states_grand_prix,85,0.8352941176470589,5.948347568511963
pooled_sym,HARD,2-5,abu_dhabi_grand_prix,105,0.9428571428571428,6.896744728088379
pooled_sym,HARD,2-5,australian_grand_prix,81,0.6296296296296297,7.4871134757995605
pooled_sym,HARD,2-5,austrian_grand_prix,97,0.8969072164948454,6.667708396911621
pooled_sym,HARD,2-5,azerbaijan_grand_prix,69,0.9130434782608695,9.891186714172363
pooled_sym,HARD,2-5,bahrain_grand_prix,114,0.8771929824561403,6.622215270996094
pooled_sym,HARD,2-5,belgian_grand_prix,43,0.8837209302325582,8.414652824401855
pooled_sym,HARD,2-5,dutch_grand_prix,38,0.7894736842105263,6.504840850830078
pooled_sym,HARD,2-5,emilia_romagna_grand_prix,35,0.9714285714285714,7.175724029541016
pooled_sym,HARD,2-5,hungarian_grand_prix,131,0.916030534351145,7.452888011932373
pooled_sym,HARD,2-5,italian_grand_prix,115,0.9304347826086956,7.456252574920654
pooled_sym,HARD,2-5,japanese_grand_prix,89,0.9325842696629213,9.681245803833008
pooled_sym,HARD,2-5,las_vegas_grand_prix,105,0.7142857142857143,9.031115531921387
pooled_sym,HARD,2-5,mexico_city_grand_prix,60,0.9333333333333333,9.326621055603027
pooled_sym,HARD,2-5,miami_grand_prix,54,0.9074074074074074,7.747006893157959
pooled_sym,HARD,2-5,monaco_grand_prix,57,0.9824561403508771,11.432101249694824
pooled_sym,HARD,2-5,qatar_grand_prix,52,0.7692307692307693,7.26622200012207
pooled_sym,HARD,2-5,saudi_arabian_grand_prix,50,0.9,12.344637870788574
pooled_sym,HARD,2-5,singapore_grand_prix,56,0.8928571428571429,8.532352447509766
pooled_sym,HARD,2-5,spanish_grand_prix,68,0.8382352941176471,9.096574783325195
pooled_sym,HARD,2-5,united_states_grand_prix,52,0.9423076923076923,6.112224102020264
pooled_sym,HARD,21-30,abu_dhabi_grand_prix,129,0.8914728682170543,7.259763240814209
pooled_sym,HARD,21-30,australian_grand_prix,177,0.8248587570621468,5.975610733032227
pooled_sym,HARD,21-30,austrian_grand_prix,80,0.9125,7.0313401222229
pooled_sym,HARD,21-30,azerbaijan_grand_prix,321,0.7601246105919003,7.150767803192139
pooled_sym,HARD,21-30,canadian_grand_prix,163,0.8834355828220859,8.414155006408691
pooled_sym,HARD,21-30,chinese_grand_prix,98,0.9489795918367347,7.809640884399414
pooled_sym,HARD,21-30,dutch_grand_prix,172,0.7732558139534884,9.461515426635742
pooled_sym,HARD,21-30,emilia_romagna_grand_prix,140,0.8642857142857143,8.197662353515625
pooled_sym,HARD,21-30,hungarian_grand_prix,193,0.7616580310880829,7.301406383514404
pooled_sym,HARD,21-30,italian_grand_prix,125,0.856,7.876756191253662
pooled_sym,HARD,21-30,japanese_grand_prix,31,0.8064516129032258,11.460185050964355
pooled_sym,HARD,21-30,las_vegas_grand_prix,51,0.7254901960784313,7.970912456512451
pooled_sym,HARD,21-30,mexico_city_grand_prix,249,0.9156626506024096,6.973849296569824
pooled_sym,HARD,21-30,miami_grand_prix,244,0.8483606557377049,4.679742336273193
pooled_sym,HARD,21-30,monaco_grand_prix,216,0.8055555555555556,10.011242866516113
pooled_sym,HARD,21-30,saudi_arabian_grand_prix,226,0.8451327433628318,6.920840740203857
pooled_sym,HARD,21-30,singapore_grand_prix,154,0.6688311688311688,7.543333530426025
pooled_sym,HARD,21-30,spanish_grand_prix,83,0.8433734939759037,9.688265800476074
pooled_sym,HARD,21-30,united_states_grand_prix,89,0.8202247191011236,5.109196186065674
pooled_sym,HARD,31-+,abu_dhabi_grand_prix,38,0.9210526315789473,7.260557651519775
pooled_sym,HARD,31-+,australian_grand_prix,141,0.574468085106383,8.197275161743164
pooled_sym,HARD,31-+,azerbaijan_grand_prix,163,0.7177914110429447,6.438124656677246
pooled_sym,HARD,31-+,canadian_grand_prix,78,0.7051282051282052,6.593080043792725
pooled_sym,HARD,31-+,dutch_grand_prix,137,0.8613138686131386,6.945826530456543
pooled_sym,HARD,31-+,emilia_romagna_grand_prix,76,0.75,7.215308666229248
pooled_sym,HARD,31-+,mexico_city_grand_prix,115,0.782608695652174,7.834214210510254
pooled_sym,HARD,31-+,miami_grand_prix,128,0.765625,5.075942039489746
pooled_sym,HARD,31-+,monaco_grand_prix,507,0.6291913214990138,9.772199630737305
pooled_sym,HARD,31-+,saudi_arabian_grand_prix,107,0.9158878504672897,6.798269748687744
pooled_sym,HARD,31-+,singapore_grand_prix,82,0.8170731707317073,7.2317094802856445
pooled_sym,HARD,6-10,abu_dhabi_grand_prix,237,0.8734177215189873,5.7246479988098145
pooled_sym,HARD,6-10,australian_grand_prix,115,0.8173913043478261,5.336519718170166
pooled_sym,HARD,6-10,austrian_grand_prix,208,0.9182692307692307,5.82241153717041
pooled_sym,HARD,6-10,azerbaijan_grand_prix,174,0.8793103448275862,7.334085941314697
pooled_sym,HARD,6-10,bahrain_grand_prix,244,0.9672131147540983,6.271421432495117
pooled_sym,HARD,6-10,belgian_grand_prix,97,0.9587628865979382,11.771924018859863
pooled_sym,HARD,6-10,canadian_grand_prix,113,0.8849557522123894,8.226033210754395
pooled_sym,HARD,6-10,chinese_grand_prix,35,1.0,11.044198989868164
pooled_sym,HARD,6-10,dutch_grand_prix,94,0.8191489361702128,5.883744239807129
pooled_sym,HARD,6-10,emilia_romagna_grand_prix,84,0.9523809523809523,6.687433242797852
pooled_sym,HARD,6-10,hungarian_grand_prix,250,0.928,6.361027717590332
pooled_sym,HARD,6-10,italian_grand_prix,214,0.9439252336448598,5.993438243865967
pooled_sym,HARD,6-10,japanese_grand_prix,187,0.8556149732620321,10.480195999145508
pooled_sym,HARD,6-10,las_vegas_grand_prix,235,0.851063829787234,7.820278644561768
pooled_sym,HARD,6-10,mexico_city_grand_prix,144,0.9097222222222222,10.027819633483887
pooled_sym,HARD,6-10,miami_grand_prix,126,0.8174603174603174,6.503898620605469
pooled_sym,HARD,6-10,monaco_grand_prix,125,0.824,12.167349815368652
pooled_sym,HARD,6-10,qatar_grand_prix,133,0.7819548872180451,5.720311641693115
pooled_sym,HARD,6-10,saudi_arabian_grand_prix,126,0.753968253968254,7.212603569030762
pooled_sym,HARD,6-10,singapore_grand_prix,145,0.903448275862069,7.017796993255615
pooled_sym,HARD,6-10,spanish_grand_prix,158,0.7721518987341772,11.738470077514648
pooled_sym,HARD,6-10,united_states_grand_prix,145,0.8827586206896552,6.2017998695373535
pooled_sym,INTERMEDIATE,11-15,canadian_grand_prix,115,1.0,15.400108337402344
pooled_sym,INTERMEDIATE,11-15,monaco_grand_prix,72,0.9861111111111112,23.887935638427734
pooled_sym,INTERMEDIATE,16-20,canadian_grand_prix,57,1.0,17.82549285888672
pooled_sym,INTERMEDIATE,16-20,monaco_grand_prix,53,0.9811320754716981,16.939407348632812
pooled_sym,INTERMEDIATE,2-5,canadian_grand_prix,45,1.0,17.562458038330078
pooled_sym,INTERMEDIATE,2-5,são_paulo_grand_prix,30,0.9,13.498641014099121
pooled_sym,INTERMEDIATE,21-30,são_paulo_grand_prix,142,0.7816901408450704,10.517873764038086
pooled_sym,INTERMEDIATE,31-+,são_paulo_grand_prix,30,0.9666666666666667,8.535245895385742
pooled_sym,INTERMEDIATE,6-10,canadian_grand_prix,148,1.0,15.596633911132812
pooled_sym,INTERMEDIATE,6-10,monaco_grand_prix,68,0.9852941176470589,23.566482543945312
pooled_sym,MEDIUM,11-15,abu_dhabi_grand_prix,49,0.7551020408163265,9.006138801574707
pooled_sym,MEDIUM,11-15,austrian_grand_prix,142,0.852112676056338,5.424070358276367
pooled_sym,MEDIUM,11-15,belgian_grand_prix,44,0.9318181818181818,14.589183807373047
pooled_sym,MEDIUM,11-15,british_grand_prix,131,0.7099236641221374,8.898163795471191
pooled_sym,MEDIUM,11-15,canadian_grand_prix,36,0.7222222222222222,5.353036403656006
pooled_sym,MEDIUM,11-15,dutch_grand_prix,101,0.7128712871287128,6.024593353271484
pooled_sym,MEDIUM,11-15,emilia_romagna_grand_prix,71,0.7464788732394366,5.846813678741455
pooled_sym,MEDIUM,11-15,hungarian_grand_prix,114,0.9122807017543859,5.838740348815918
pooled_sym,MEDIUM,11-15,italian_grand_prix,66,0.8939393939393939,8.277177810668945
pooled_sym,MEDIUM,11-15,japanese_grand_prix,42,0.8571428571428571,9.414939880371094
pooled_sym,MEDIUM,11-15,mexico_city_grand_prix,185,0.8810810810810811,5.6257476806640625
pooled_sym,MEDIUM,11-15,miami_grand_prix,121,0.8099173553719008,6.83310604095459
pooled_sym,MEDIUM,11-15,monaco_grand_prix,72,0.6666666666666666,6.210329532623291
pooled_sym,MEDIUM,11-15,qatar_grand_prix,92,0.8695652173913043,5.109010696411133
pooled_sym,MEDIUM,11-15,saudi_arabian_grand_prix,46,0.45652173913043476,5.80919885635376
pooled_sym,MEDIUM,11-15,singapore_grand_prix,162,0.8888888888888888,7.339970111846924
pooled_sym,MEDIUM,11-15,spanish_grand_prix,136,0.7720588235294118,9.0203857421875
pooled_sym,MEDIUM,11-15,são_paulo_grand_prix,65,0.9538461538461539,6.412741661071777
pooled_sym,MEDIUM,11-15,united_states_grand_prix,128,0.875,5.230810165405273
pooled_sym,MEDIUM,16-20,abu_dhabi_grand_prix,32,0.71875,7.490579605102539
pooled_sym,MEDIUM,16-20,austrian_grand_prix,71,0.8309859154929577,7.0342302322387695
pooled_sym,MEDIUM,16-20,british_grand_prix,123,0.25203252032520324,11.982421875
pooled_sym,MEDIUM,16-20,canadian_grand_prix,61,0.9016393442622951,7.08106803894043
pooled_sym,MEDIUM,16-20,dutch_grand_prix,90,0.7555555555555555,9.279044151306152
pooled_sym,MEDIUM,16-20,emilia_romagna_grand_prix,52,0.9230769230769231,7.2357177734375
pooled_sym,MEDIUM,16-20,hungarian_grand_prix,63,0.746031746031746,8.434621810913086
pooled_sym,MEDIUM,16-20,mexico_city_grand_prix,155,0.9354838709677419,5.760163307189941
pooled_sym,MEDIUM,16-20,miami_grand_prix,62,0.7419354838709677,6.457607746124268
pooled_sym,MEDIUM,16-20,monaco_grand_prix,42,0.47619047619047616,9.69021224975586
pooled_sym,MEDIUM,16-20,qatar_grand_prix,73,0.958904109589041,4.47533655166626
pooled_sym,MEDIUM,16-20,saudi_arabian_grand_prix,37,0.6486486486486487,6.030023097991943
pooled_sym,MEDIUM,16-20,singapore_grand_prix,81,0.9012345679012346,6.669325828552246
pooled_sym,MEDIUM,16-20,spanish_grand_prix,92,0.9782608695652174,8.923262596130371
pooled_sym,MEDIUM,16-20,são_paulo_grand_prix,45,0.8222222222222222,9.150529861450195
pooled_sym,MEDIUM,16-20,united_states_grand_prix,60,0.9333333333333333,5.742365837097168
pooled_sym,MEDIUM,2-5,abu_dhabi_grand_prix,56,0.9285714285714286,10.191719055175781
pooled_sym,MEDIUM,2-5,austrian_grand_prix,125,0.904,8.41125774383545
pooled_sym,MEDIUM,2-5,azerbaijan_grand_prix,51,0.803921568627451,7.174354076385498
pooled_sym,MEDIUM,2-5,belgian_grand_prix,69,0.9710144927536232,15.849557876586914
pooled_sym,MEDIUM,2-5,british_grand_prix,68,0.5588235294117647,6.854227542877197
pooled_sym,MEDIUM,2-5,chinese_grand_prix,31,0.9032258064516129,8.960846900939941
pooled_sym,MEDIUM,2-5,dutch_grand_prix,46,0.8478260869565217,6.409881591796875
pooled_sym,MEDIUM,2-5,emilia_romagna_grand_prix,46,0.7608695652173914,6.841338634490967
pooled_sym,MEDIUM,2-5,hungarian_grand_prix,98,0.8469387755102041,7.831723690032959
pooled_sym,MEDIUM,2-5,italian_grand_prix,96,0.8958333333333334,7.560575008392334
pooled_sym,MEDIUM,2-5,japanese_grand_prix,49,0.8775510204081632,11.835897445678711
pooled_sym,MEDIUM,2-5,las_vegas_grand_prix,33,0.9090909090909091,9.108160972595215
pooled_sym,MEDIUM,2-5,mexico_city_grand_prix,34,0.9705882352941176,8.599040985107422
pooled_sym,MEDIUM,2-5,miami_grand_prix,77,0.948051948051948,7.8484063148498535
pooled_sym,MEDIUM,2-5,monaco_grand_prix,41,0.8536585365853658,8.183181762695312
pooled_sym,MEDIUM,2-5,qatar_grand_prix,62,0.7741935483870968,11.95812702178955
pooled_sym,MEDIUM,2-5,singapore_grand_prix,71,0.7746478873239436,7.387763977050781
pooled_sym,MEDIUM,2-5,spanish_grand_prix,69,0.8840579710144928,6.973660469055176
pooled_sym,MEDIUM,2-5,united_states_grand_prix,68,0.8088235294117647,7.994504928588867
pooled_sym,MEDIUM,21-30,austrian_grand_prix,39,0.8461538461538461,7.9230055809021
pooled_sym,MEDIUM,21-30,british_grand_prix,51,0.47058823529411764,5.738705635070801
pooled_sym,MEDIUM,21-30,canadian_grand_prix,49,0.8775510204081632,6.518516540527344
pooled_sym,MEDIUM,21-30,dutch_grand_prix,60,0.9,6.966818809509277
pooled_sym,MEDIUM,21-30,emilia_romagna_grand_prix,38,0.6842105263157895,11.353462219238281
pooled_sym,MEDIUM,21-30,hungarian_grand_prix,34,0.8235294117647058,6.8986663818359375
pooled_sym,MEDIUM,21-30,mexico_city_grand_prix,134,0.8656716417910447,7.043788433074951
pooled_sym,MEDIUM,21-30,miami_grand_prix,33,0.6060606060606061,8.152151107788086
pooled_sym,MEDIUM,21-30,monaco_grand_prix,111,0.43243243243243246,6.4395341873168945
pooled_sym,MEDIUM,21-30,qatar_grand_prix,114,0.9210526315789473,5.819565296173096
pooled_sym,MEDIUM,21-30,saudi_arabian_grand_prix,64,0.78125,7.667125225067139
pooled_sym,MEDIUM,21-30,singapore_grand_prix,82,0.8048780487804879,9.135820388793945
pooled_sym,MEDIUM,31-+,monaco_grand_prix,218,0.5321100917431193,7.764496326446533
pooled_sym,MEDIUM,6-10,abu_dhabi_grand_prix,79,0.8354430379746836,6.134007930755615
pooled_sym,MEDIUM,6-10,austrian_grand_prix,187,0.8823529411764706,5.552899360656738
pooled_sym,MEDIUM,6-10,azerbaijan_grand_prix,42,0.9761904761904762,5.940849781036377
pooled_sym,MEDIUM,6-10,belgian_grand_prix,119,0.9663865546218487,19.252656936645508
pooled_sym,MEDIUM,6-10,british_grand_prix,158,0.8734177215189873,5.9673662185668945
pooled_sym,MEDIUM,6-10,canadian_grand_prix,40,0.95,6.129356384277344
pooled_sym,MEDIUM,6-10,chinese_grand_prix,38,1.0,9.236117362976074
pooled_sym,MEDIUM,6-10,dutch_grand_prix,118,0.8305084745762712,6.531816482543945
pooled_sym,MEDIUM,6-10,emilia_romagna_grand_prix,77,0.7792207792207793,5.7561445236206055
pooled_sym,MEDIUM,6-10,hungarian_grand_prix,168,0.9345238095238095,5.720669746398926
pooled_sym,MEDIUM,6-10,italian_grand_prix,144,0.9166666666666666,6.254303932189941
pooled_sym,MEDIUM,6-10,japanese_grand_prix,110,0.9272727272727272,12.186529159545898
pooled_sym,MEDIUM,6-10,las_vegas_grand_prix,58,0.8620689655172413,11.360513687133789
pooled_sym,MEDIUM,6-10,mexico_city_grand_prix,184,0.8695652173913043,8.08553695678711
pooled_sym,MEDIUM,6-10,miami_grand_prix,162,0.8271604938271605,6.612279891967773
pooled_sym,MEDIUM,6-10,monaco_grand_prix,72,0.8333333333333334,7.10317850112915
pooled_sym,MEDIUM,6-10,qatar_grand_prix,162,0.8148148148148148,7.855458736419678
pooled_sym,MEDIUM,6-10,saudi_arabian_grand_prix,73,0.7808219178082192,11.723331451416016
pooled_sym,MEDIUM,6-10,singapore_grand_prix,174,0.8563218390804598,6.5385589599609375
pooled_sym,MEDIUM,6-10,spanish_grand_prix,160,0.91875,6.254446506500244
pooled_sym,MEDIUM,6-10,são_paulo_grand_prix,67,0.9701492537313433,5.983485698699951
pooled_sym,MEDIUM,6-10,united_states_grand_prix,187,0.8663101604278075,6.990706443786621
pooled_sym,SOFT,11-15,bahrain_grand_prix,33,0.9393939393939394,10.353811264038086
pooled_sym,SOFT,11-15,belgian_grand_prix,36,0.8611111111111112,15.139083862304688
pooled_sym,SOFT,11-15,british_grand_prix,60,1.0,10.008621215820312
pooled_sym,SOFT,11-15,dutch_grand_prix,71,0.9154929577464789,13.653280258178711
pooled_sym,SOFT,11-15,spanish_grand_prix,90,0.9222222222222223,7.035583019256592
pooled_sym,SOFT,11-15,são_paulo_grand_prix,107,0.8317757009345794,8.475951194763184
pooled_sym,SOFT,16-20,dutch_grand_prix,73,0.7808219178082192,10.468082427978516
pooled_sym,SOFT,16-20,spanish_grand_prix,32,0.875,7.9728264808654785
pooled_sym,SOFT,16-20,são_paulo_grand_prix,64,0.921875,7.20472526550293
pooled_sym,SOFT,2-5,bahrain_grand_prix,131,0.9465648854961832,8.257380485534668
pooled_sym,SOFT,2-5,belgian_grand_prix,37,0.918918918918919,7.701885223388672
pooled_sym,SOFT,2-5,british_grand_prix,33,0.7575757575757576,8.21654987335205
pooled_sym,SOFT,2-5,dutch_grand_prix,49,0.9795918367346939,11.122079849243164
pooled_sym,SOFT,2-5,spanish_grand_prix,112,0.8214285714285714,8.994089126586914
pooled_sym,SOFT,2-5,são_paulo_grand_prix,100,0.95,10.1619234085083
pooled_sym,SOFT,21-30,dutch_grand_prix,91,0.8901098901098901,10.453764915466309
pooled_sym,SOFT,6-10,bahrain_grand_prix,114,0.7894736842105263,6.705889701843262
pooled_sym,SOFT,6-10,belgian_grand_prix,65,0.8461538461538461,8.651299476623535
pooled_sym,SOFT,6-10,british_grand_prix,88,0.9318181818181818,10.065338134765625
pooled_sym,SOFT,6-10,dutch_grand_prix,90,0.7444444444444445,12.897868156433105
pooled_sym,SOFT,6-10,singapore_grand_prix,31,0.8709677419354839,5.502650260925293
pooled_sym,SOFT,6-10,spanish_grand_prix,181,0.9116022099447514,6.215324401855469
pooled_sym,SOFT,6-10,são_paulo_grand_prix,158,0.8607594936708861,9.128412246704102
pooled_asym,HARD,11-15,abu_dhabi_grand_prix,215,0.9209302325581395,5.636808395385742
pooled_asym,HARD,11-15,australian_grand_prix,184,0.8695652173913043,5.031153678894043
pooled_asym,HARD,11-15,austrian_grand_prix,189,0.7883597883597884,6.833366870880127
pooled_asym,HARD,11-15,azerbaijan_grand_prix,180,0.7888888888888889,5.127192974090576
pooled_asym,HARD,11-15,bahrain_grand_prix,176,0.7897727272727273,7.574863910675049
pooled_asym,HARD,11-15,belgian_grand_prix,68,0.8676470588235294,7.4328203201293945
pooled_asym,HARD,11-15,canadian_grand_prix,111,0.9009009009009009,5.40384578704834
pooled_asym,HARD,11-15,chinese_grand_prix,63,0.9841269841269841,11.677996635437012
pooled_asym,HARD,11-15,dutch_grand_prix,90,0.8,5.079648971557617
pooled_asym,HARD,11-15,emilia_romagna_grand_prix,88,0.8977272727272727,5.837571620941162
pooled_asym,HARD,11-15,hungarian_grand_prix,237,0.919831223628692,8.74193286895752
pooled_asym,HARD,11-15,italian_grand_prix,172,0.8488372093023255,6.66543436050415
pooled_asym,HARD,11-15,japanese_grand_prix,130,0.7923076923076923,8.612286567687988
pooled_asym,HARD,11-15,las_vegas_grand_prix,178,0.7921348314606742,8.202759742736816
pooled_asym,HARD,11-15,mexico_city_grand_prix,137,0.8540145985401459,8.394831657409668
pooled_asym,HARD,11-15,miami_grand_prix,137,0.8175182481751825,5.06685209274292
pooled_asym,HARD,11-15,monaco_grand_prix,127,0.7716535433070866,13.543268203735352
pooled_asym,HARD,11-15,qatar_grand_prix,71,0.9154929577464789,5.044858932495117
pooled_asym,HARD,11-15,saudi_arabian_grand_prix,109,0.6513761467889908,5.315587520599365
pooled_asym,HARD,11-15,singapore_grand_prix,147,0.8843537414965986,6.297386169433594
pooled_asym,HARD,11-15,spanish_grand_prix,139,0.9064748201438849,9.773475646972656
pooled_asym,HARD,11-15,united_states_grand_prix,128,0.828125,5.288081169128418
pooled_asym,HARD,16-20,abu_dhabi_grand_prix,152,0.9078947368421053,7.705937385559082
pooled_asym,HARD,16-20,australian_grand_prix,146,0.8287671232876712,5.971165180206299
pooled_asym,HARD,16-20,austrian_grand_prix,167,0.7305389221556886,8.849565505981445
pooled_asym,HARD,16-20,azerbaijan_grand_prix,171,0.8830409356725146,5.929892063140869
pooled_asym,HARD,16-20,bahrain_grand_prix,85,0.8941176470588236,7.254168510437012
pooled_asym,HARD,16-20,belgian_grand_prix,32,0.71875,6.489865303039551
pooled_asym,HARD,16-20,canadian_grand_prix,115,0.9304347826086956,6.691251277923584
pooled_asym,HARD,16-20,chinese_grand_prix,61,0.9508196721311475,8.039886474609375
pooled_asym,HARD,16-20,dutch_grand_prix,98,0.8571428571428571,6.21842622756958
pooled_asym,HARD,16-20,emilia_romagna_grand_prix,79,0.9240506329113924,6.1977925300598145
pooled_asym,HARD,16-20,hungarian_grand_prix,232,0.853448275862069,9.620318412780762
pooled_asym,HARD,16-20,italian_grand_prix,113,0.8495575221238938,7.12296199798584
pooled_asym,HARD,16-20,japanese_grand_prix,59,0.8813559322033898,9.584572792053223
pooled_asym,HARD,16-20,las_vegas_grand_prix,104,0.8461538461538461,8.641757011413574
pooled_asym,HARD,16-20,mexico_city_grand_prix,133,0.9022556390977443,7.337988376617432
pooled_asym,HARD,16-20,miami_grand_prix,122,0.7950819672131147,5.041244029998779
pooled_asym,HARD,16-20,monaco_grand_prix,98,0.6836734693877551,12.753207206726074
pooled_asym,HARD,16-20,saudi_arabian_grand_prix,108,0.7592592592592593,5.879913330078125
pooled_asym,HARD,16-20,singapore_grand_prix,97,0.8144329896907216,8.06835651397705
pooled_asym,HARD,16-20,spanish_grand_prix,109,0.9174311926605505,10.185681343078613
pooled_asym,HARD,16-20,united_states_grand_prix,85,0.8352941176470589,5.952973365783691
pooled_asym,HARD,2-5,abu_dhabi_grand_prix,105,0.9523809523809523,6.901370525360107
pooled_asym,HARD,2-5,australian_grand_prix,81,0.6296296296296297,7.491739273071289
pooled_asym,HARD,2-5,austrian_grand_prix,97,0.8969072164948454,6.67233419418335
pooled_asym,HARD,2-5,azerbaijan_grand_prix,69,0.9130434782608695,9.895812034606934
pooled_asym,HARD,2-5,bahrain_grand_prix,114,0.8771929824561403,6.626841068267822
pooled_asym,HARD,2-5,belgian_grand_prix,43,0.8837209302325582,8.419279098510742
pooled_asym,HARD,2-5,dutch_grand_prix,38,0.7894736842105263,6.509466648101807
pooled_asym,HARD,2-5,emilia_romagna_grand_prix,35,0.9714285714285714,7.180350303649902
pooled_asym,HARD,2-5,hungarian_grand_prix,131,0.916030534351145,7.457513809204102
pooled_asym,HARD,2-5,italian_grand_prix,115,0.9304347826086956,7.460878372192383
pooled_asym,HARD,2-5,japanese_grand_prix,89,0.9325842696629213,9.685871124267578
pooled_asym,HARD,2-5,las_vegas_grand_prix,105,0.7047619047619048,9.035740852355957
pooled_asym,HARD,2-5,mexico_city_grand_prix,60,0.9166666666666666,9.331247329711914
pooled_asym,HARD,2-5,miami_grand_prix,54,0.9074074074074074,7.7516326904296875
pooled_asym,HARD,2-5,monaco_grand_prix,57,0.9824561403508771,11.436726570129395
pooled_asym,HARD,2-5,qatar_grand_prix,52,0.7692307692307693,7.270847797393799
pooled_asym,HARD,2-5,saudi_arabian_grand_prix,50,0.9,12.349264144897461
pooled_asym,HARD,2-5,singapore_grand_prix,56,0.8928571428571429,8.536978721618652
pooled_asym,HARD,2-5,spanish_grand_prix,68,0.8382352941176471,9.101200103759766
pooled_asym,HARD,2-5,united_states_grand_prix,52,0.9423076923076923,6.116850852966309
pooled_asym,HARD,21-30,abu_dhabi_grand_prix,129,0.8914728682170543,7.2643890380859375
pooled_asym,HARD,21-30,australian_grand_prix,177,0.8305084745762712,5.980237007141113
pooled_asym,HARD,21-30,austrian_grand_prix,80,0.9125,7.035965919494629
pooled_asym,HARD,21-30,azerbaijan_grand_prix,321,0.7725856697819314,7.155393600463867
pooled_asym,HARD,21-30,canadian_grand_prix,163,0.8834355828220859,8.418780326843262
pooled_asym,HARD,21-30,chinese_grand_prix,98,0.9489795918367347,7.814266681671143
pooled_asym,HARD,21-30,dutch_grand_prix,172,0.7732558139534884,9.466140747070312
pooled_asym,HARD,21-30,emilia_romagna_grand_prix,140,0.8642857142857143,8.202287673950195
pooled_asym,HARD,21-30,hungarian_grand_prix,193,0.7616580310880829,7.306032180786133
pooled_asym,HARD,21-30,italian_grand_prix,125,0.856,7.881382465362549
pooled_asym,HARD,21-30,japanese_grand_prix,31,0.8064516129032258,11.464811325073242
pooled_asym,HARD,21-30,las_vegas_grand_prix,51,0.7254901960784313,7.975538730621338
pooled_asym,HARD,21-30,mexico_city_grand_prix,249,0.9196787148594378,6.978476047515869
pooled_asym,HARD,21-30,miami_grand_prix,244,0.8524590163934426,4.68436861038208
pooled_asym,HARD,21-30,monaco_grand_prix,216,0.8055555555555556,10.015869140625
pooled_asym,HARD,21-30,saudi_arabian_grand_prix,226,0.8451327433628318,6.925467014312744
pooled_asym,HARD,21-30,singapore_grand_prix,154,0.6623376623376623,7.547959327697754
pooled_asym,HARD,21-30,spanish_grand_prix,83,0.8433734939759037,9.692892074584961
pooled_asym,HARD,21-30,united_states_grand_prix,89,0.8202247191011236,5.113821983337402
pooled_asym,HARD,31-+,abu_dhabi_grand_prix,38,0.9210526315789473,7.265183448791504
pooled_asym,HARD,31-+,australian_grand_prix,141,0.574468085106383,8.20190143585205
pooled_asym,HARD,31-+,azerbaijan_grand_prix,163,0.7300613496932515,6.442750453948975
pooled_asym,HARD,31-+,canadian_grand_prix,78,0.717948717948718,6.597706317901611
pooled_asym,HARD,31-+,dutch_grand_prix,137,0.8759124087591241,6.95045280456543
pooled_asym,HARD,31-+,emilia_romagna_grand_prix,76,0.75,7.219934463500977
pooled_asym,HARD,31-+,mexico_city_grand_prix,115,0.7913043478260869,7.838840007781982
pooled_asym,HARD,31-+,miami_grand_prix,128,0.765625,5.080567836761475
pooled_asym,HARD,31-+,monaco_grand_prix,507,0.6331360946745562,9.776825904846191
pooled_asym,HARD,31-+,saudi_arabian_grand_prix,107,0.9158878504672897,6.802896022796631
pooled_asym,HARD,31-+,singapore_grand_prix,82,0.8170731707317073,7.236335754394531
pooled_asym,HARD,6-10,abu_dhabi_grand_prix,237,0.8860759493670886,5.729273796081543
pooled_asym,HARD,6-10,australian_grand_prix,115,0.8260869565217391,5.3411455154418945
pooled_asym,HARD,6-10,austrian_grand_prix,208,0.9134615384615384,5.827037334442139
pooled_asym,HARD,6-10,azerbaijan_grand_prix,174,0.8850574712643678,7.338712215423584
pooled_asym,HARD,6-10,bahrain_grand_prix,244,0.9631147540983607,6.276047706604004
pooled_asym,HARD,6-10,belgian_grand_prix,97,0.9587628865979382,11.776549339294434
pooled_asym,HARD,6-10,canadian_grand_prix,113,0.8849557522123894,8.230658531188965
pooled_asym,HARD,6-10,chinese_grand_prix,35,1.0,11.04882526397705
pooled_asym,HARD,6-10,dutch_grand_prix,94,0.8191489361702128,5.888370037078857
pooled_asym,HARD,6-10,emilia_romagna_grand_prix,84,0.9523809523809523,6.692058563232422
pooled_asym,HARD,6-10,hungarian_grand_prix,250,0.924,6.365653991699219
pooled_asym,HARD,6-10,italian_grand_prix,214,0.9392523364485982,5.998064041137695
pooled_asym,HARD,6-10,japanese_grand_prix,187,0.8556149732620321,10.484822273254395
pooled_asym,HARD,6-10,las_vegas_grand_prix,235,0.851063829787234,7.824904441833496
pooled_asym,HARD,6-10,mexico_city_grand_prix,144,0.8958333333333334,10.032444953918457
pooled_asym,HARD,6-10,miami_grand_prix,126,0.8174603174603174,6.508524417877197
pooled_asym,HARD,6-10,monaco_grand_prix,125,0.824,12.171975135803223
pooled_asym,HARD,6-10,qatar_grand_prix,133,0.7969924812030075,5.724937438964844
pooled_asym,HARD,6-10,saudi_arabian_grand_prix,126,0.7619047619047619,7.21722936630249
pooled_asym,HARD,6-10,singapore_grand_prix,145,0.903448275862069,7.022423267364502
pooled_asym,HARD,6-10,spanish_grand_prix,158,0.7784810126582279,11.743096351623535
pooled_asym,HARD,6-10,united_states_grand_prix,145,0.8827586206896552,6.206425666809082
pooled_asym,INTERMEDIATE,11-15,canadian_grand_prix,115,1.0,15.40473461151123
pooled_asym,INTERMEDIATE,11-15,monaco_grand_prix,72,0.9861111111111112,23.892560958862305
pooled_asym,INTERMEDIATE,16-20,canadian_grand_prix,57,1.0,17.83011817932129
pooled_asym,INTERMEDIATE,16-20,monaco_grand_prix,53,0.9811320754716981,16.944034576416016
pooled_asym,INTERMEDIATE,2-5,canadian_grand_prix,45,1.0,17.56708526611328
pooled_asym,INTERMEDIATE,2-5,são_paulo_grand_prix,30,0.9,13.503267288208008
pooled_asym,INTERMEDIATE,21-30,são_paulo_grand_prix,142,0.7746478873239436,10.522500038146973
pooled_asym,INTERMEDIATE,31-+,são_paulo_grand_prix,30,0.9666666666666667,8.539872169494629
pooled_asym,INTERMEDIATE,6-10,canadian_grand_prix,148,1.0,15.6012601852417
pooled_asym,INTERMEDIATE,6-10,monaco_grand_prix,68,0.9852941176470589,23.571107864379883
pooled_asym,MEDIUM,11-15,abu_dhabi_grand_prix,49,0.7346938775510204,9.010764122009277
pooled_asym,MEDIUM,11-15,austrian_grand_prix,142,0.8450704225352113,5.428696155548096
pooled_asym,MEDIUM,11-15,belgian_grand_prix,44,0.9318181818181818,14.593810081481934
pooled_asym,MEDIUM,11-15,british_grand_prix,131,0.7099236641221374,8.902789115905762
pooled_asym,MEDIUM,11-15,canadian_grand_prix,36,0.7222222222222222,5.357662200927734
pooled_asym,MEDIUM,11-15,dutch_grand_prix,101,0.6831683168316832,6.029219627380371
pooled_asym,MEDIUM,11-15,emilia_romagna_grand_prix,71,0.7464788732394366,5.851439476013184
pooled_asym,MEDIUM,11-15,hungarian_grand_prix,114,0.9122807017543859,5.843366622924805
pooled_asym,MEDIUM,11-15,italian_grand_prix,66,0.8939393939393939,8.281804084777832
pooled_asym,MEDIUM,11-15,japanese_grand_prix,42,0.8571428571428571,9.41956615447998
pooled_asym,MEDIUM,11-15,mexico_city_grand_prix,185,0.8756756756756757,5.630373954772949
pooled_asym,MEDIUM,11-15,miami_grand_prix,121,0.8099173553719008,6.837732315063477
pooled_asym,MEDIUM,11-15,monaco_grand_prix,72,0.6666666666666666,6.214955806732178
pooled_asym,MEDIUM,11-15,qatar_grand_prix,92,0.8804347826086957,5.1136369705200195
pooled_asym,MEDIUM,11-15,saudi_arabian_grand_prix,46,0.45652173913043476,5.813824653625488
pooled_asym,MEDIUM,11-15,singapore_grand_prix,162,0.8827160493827161,7.3445963859558105
pooled_asym,MEDIUM,11-15,spanish_grand_prix,136,0.7794117647058824,9.025012016296387
pooled_asym,MEDIUM,11-15,são_paulo_grand_prix,65,0.9538461538461539,6.417367935180664
pooled_asym,MEDIUM,11-15,united_states_grand_prix,128,0.8984375,5.235435962677002
pooled_asym,MEDIUM,16-20,abu_dhabi_grand_prix,32,0.75,7.495205402374268
pooled_asym,MEDIUM,16-20,austrian_grand_prix,71,0.8169014084507042,7.038856029510498
pooled_asym,MEDIUM,16-20,british_grand_prix,123,0.2601626016260163,11.987046241760254
pooled_asym,MEDIUM,16-20,canadian_grand_prix,61,0.8852459016393442,7.085694313049316
pooled_asym,MEDIUM,16-20,dutch_grand_prix,90,0.7888888888888889,9.283670425415039
pooled_asym,MEDIUM,16-20,emilia_romagna_grand_prix,52,0.9230769230769231,7.2403435707092285
pooled_asym,MEDIUM,16-20,hungarian_grand_prix,63,0.746031746031746,8.439248085021973
pooled_asym,MEDIUM,16-20,mexico_city_grand_prix,155,0.9354838709677419,5.764789581298828
pooled_asym,MEDIUM,16-20,miami_grand_prix,62,0.7419354838709677,6.462233543395996
pooled_asym,MEDIUM,16-20,monaco_grand_prix,42,0.47619047619047616,9.694838523864746
pooled_asym,MEDIUM,16-20,qatar_grand_prix,73,0.958904109589041,4.47996187210083
pooled_asym,MEDIUM,16-20,saudi_arabian_grand_prix,37,0.6486486486486487,6.034648895263672
pooled_asym,MEDIUM,16-20,singapore_grand_prix,81,0.8888888888888888,6.673951625823975
pooled_asym,MEDIUM,16-20,spanish_grand_prix,92,0.9782608695652174,8.927888870239258
pooled_asym,MEDIUM,16-20,são_paulo_grand_prix,45,0.8222222222222222,9.155156135559082
pooled_asym,MEDIUM,16-20,united_states_grand_prix,60,0.9333333333333333,5.746992111206055
pooled_asym,MEDIUM,2-5,abu_dhabi_grand_prix,56,0.9107142857142857,10.196345329284668
pooled_asym,MEDIUM,2-5,austrian_grand_prix,125,0.904,8.415884017944336
pooled_asym,MEDIUM,2-5,azerbaijan_grand_prix,51,0.803921568627451,7.178979396820068
pooled_asym,MEDIUM,2-5,belgian_grand_prix,69,0.9565217391304348,15.8541841506958
pooled_asym,MEDIUM,2-5,british_grand_prix,68,0.5147058823529411,6.858853340148926
pooled_asym,MEDIUM,2-5,chinese_grand_prix,31,0.9032258064516129,8.965473175048828
pooled_asym,MEDIUM,2-5,dutch_grand_prix,46,0.8478260869565217,6.414507865905762
pooled_asym,MEDIUM,2-5,emilia_romagna_grand_prix,46,0.7608695652173914,6.845964431762695
pooled_asym,MEDIUM,2-5,hungarian_grand_prix,98,0.8469387755102041,7.836349964141846
pooled_asym,MEDIUM,2-5,italian_grand_prix,96,0.8958333333333334,7.5652008056640625
pooled_asym,MEDIUM,2-5,japanese_grand_prix,49,0.8775510204081632,11.840523719787598
pooled_asym,MEDIUM,2-5,las_vegas_grand_prix,33,0.9090909090909091,9.112786293029785
pooled_asym,MEDIUM,2-5,mexico_city_grand_prix,34,0.9705882352941176,8.603667259216309
pooled_asym,MEDIUM,2-5,miami_grand_prix,77,0.948051948051948,7.853032112121582
pooled_asym,MEDIUM,2-5,monaco_grand_prix,41,0.8536585365853658,8.187807083129883
pooled_asym,MEDIUM,2-5,qatar_grand_prix,62,0.7580645161290323,11.962752342224121
pooled_asym,MEDIUM,2-5,singapore_grand_prix,71,0.7887323943661971,7.39238977432251
pooled_asym,MEDIUM,2-5,spanish_grand_prix,69,0.8985507246376812,6.9782867431640625
pooled_asym,MEDIUM,2-5,united_states_grand_prix,68,0.8088235294117647,7.999131202697754
pooled_asym,MEDIUM,21-30,austrian_grand_prix,39,0.8461538461538461,7.927631855010986
pooled_asym,MEDIUM,21-30,british_grand_prix,51,0.47058823529411764,5.743331432342529
pooled_asym,MEDIUM,21-30,canadian_grand_prix,49,0.8775510204081632,6.523142337799072
pooled_asym,MEDIUM,21-30,dutch_grand_prix,60,0.9166666666666666,6.971444606781006
pooled_asym,MEDIUM,21-30,emilia_romagna_grand_prix,38,0.6842105263157895,11.358087539672852
pooled_asym,MEDIUM,21-30,hungarian_grand_prix,34,0.8235294117647058,6.903292655944824
pooled_asym,MEDIUM,21-30,mexico_city_grand_prix,134,0.8582089552238806,7.048414707183838
pooled_asym,MEDIUM,21-30,miami_grand_prix,33,0.6060606060606061,8.156777381896973
pooled_asym,MEDIUM,21-30,monaco_grand_prix,111,0.43243243243243246,6.444159984588623
pooled_asym,MEDIUM,21-30,qatar_grand_prix,114,0.9210526315789473,5.824191093444824
pooled_asym,MEDIUM,21-30,saudi_arabian_grand_prix,64,0.78125,7.671751499176025
pooled_asym,MEDIUM,21-30,singapore_grand_prix,82,0.8048780487804879,9.140446662902832
pooled_asym,MEDIUM,31-+,monaco_grand_prix,218,0.5412844036697247,7.76912260055542
pooled_asym,MEDIUM,6-10,abu_dhabi_grand_prix,79,0.8481012658227848,6.138633728027344
pooled_asym,MEDIUM,6-10,austrian_grand_prix,187,0.8770053475935828,5.557525157928467
pooled_asym,MEDIUM,6-10,azerbaijan_grand_prix,42,0.9761904761904762,5.9454755783081055
pooled_asym,MEDIUM,6-10,belgian_grand_prix,119,0.9663865546218487,19.257280349731445
pooled_asym,MEDIUM,6-10,british_grand_prix,158,0.8734177215189873,5.971992015838623
pooled_asym,MEDIUM,6-10,canadian_grand_prix,40,0.95,6.133982181549072
pooled_asym,MEDIUM,6-10,chinese_grand_prix,38,1.0,9.240742683410645
pooled_asym,MEDIUM,6-10,dutch_grand_prix,118,0.8305084745762712,6.536442279815674
pooled_asym,MEDIUM,6-10,emilia_romagna_grand_prix,77,0.7922077922077922,5.760770797729492
pooled_asym,MEDIUM,6-10,hungarian_grand_prix,168,0.9345238095238095,5.725295543670654
pooled_asym,MEDIUM,6-10,italian_grand_prix,144,0.9166666666666666,6.25892972946167
pooled_asym,MEDIUM,6-10,japanese_grand_prix,110,0.9272727272727272,12.191155433654785
pooled_asym,MEDIUM,6-10,las_vegas_grand_prix,58,0.8620689655172413,11.365139961242676
pooled_asym,MEDIUM,6-10,mexico_city_grand_prix,184,0.8695652173913043,8.090163230895996
pooled_asym,MEDIUM,6-10,miami_grand_prix,162,0.8209876543209876,6.616905689239502
pooled_asym,MEDIUM,6-10,monaco_grand_prix,72,0.8472222222222222,7.107804775238037
pooled_asym,MEDIUM,6-10,qatar_grand_prix,162,0.808641975308642,7.8600850105285645
pooled_asym,MEDIUM,6-10,saudi_arabian_grand_prix,73,0.7808219178082192,11.727957725524902
pooled_asym,MEDIUM,6-10,singapore_grand_prix,174,0.8563218390804598,6.543184757232666
pooled_asym,MEDIUM,6-10,spanish_grand_prix,160,0.925,6.259072303771973
pooled_asym,MEDIUM,6-10,são_paulo_grand_prix,67,0.9701492537313433,5.988111972808838
pooled_asym,MEDIUM,6-10,united_states_grand_prix,187,0.8663101604278075,6.995331764221191
pooled_asym,SOFT,11-15,bahrain_grand_prix,33,0.9393939393939394,10.358437538146973
pooled_asym,SOFT,11-15,belgian_grand_prix,36,0.8611111111111112,15.143709182739258
pooled_asym,SOFT,11-15,british_grand_prix,60,1.0,10.0132474899292
pooled_asym,SOFT,11-15,dutch_grand_prix,71,0.9154929577464789,13.657905578613281
pooled_asym,SOFT,11-15,spanish_grand_prix,90,0.9222222222222223,7.04020881652832
pooled_asym,SOFT,11-15,são_paulo_grand_prix,107,0.8317757009345794,8.480576515197754
pooled_asym,SOFT,16-20,dutch_grand_prix,73,0.7534246575342466,10.472707748413086
pooled_asym,SOFT,16-20,spanish_grand_prix,32,0.875,7.977452278137207
pooled_asym,SOFT,16-20,são_paulo_grand_prix,64,0.921875,7.209351062774658
pooled_asym,SOFT,2-5,bahrain_grand_prix,131,0.9465648854961832,8.262005805969238
pooled_asym,SOFT,2-5,belgian_grand_prix,37,0.918918918918919,7.7065110206604
pooled_asym,SOFT,2-5,british_grand_prix,33,0.7575757575757576,8.221176147460938
pooled_asym,SOFT,2-5,dutch_grand_prix,49,0.9795918367346939,11.12670612335205
pooled_asym,SOFT,2-5,spanish_grand_prix,112,0.8214285714285714,8.9987154006958
pooled_asym,SOFT,2-5,são_paulo_grand_prix,100,0.97,10.166549682617188
pooled_asym,SOFT,21-30,dutch_grand_prix,91,0.8901098901098901,10.458391189575195
pooled_asym,SOFT,6-10,bahrain_grand_prix,114,0.7807017543859649,6.71051549911499
pooled_asym,SOFT,6-10,belgian_grand_prix,65,0.8307692307692308,8.655924797058105
pooled_asym,SOFT,6-10,british_grand_prix,88,0.9318181818181818,10.069963455200195
pooled_asym,SOFT,6-10,dutch_grand_prix,90,0.7444444444444445,12.90249252319336
pooled_asym,SOFT,6-10,singapore_grand_prix,31,0.8709677419354839,5.5072760581970215
pooled_asym,SOFT,6-10,spanish_grand_prix,181,0.9116022099447514,6.219951152801514
pooled_asym,SOFT,6-10,são_paulo_grand_prix,158,0.8544303797468354,9.133037567138672
mondrian_sym,HARD,11-15,abu_dhabi_grand_prix,215,0.8930232558139535,5.158734197169475
mondrian_sym,HARD,11-15,australian_grand_prix,184,0.8369565217391305,4.785034209656768
mondrian_sym,HARD,11-15,austrian_grand_prix,189,0.7142857142857143,6.12675907826558
mondrian_sym,HARD,11-15,azerbaijan_grand_prix,180,0.7777777777777778,4.766899045229348
mondrian_sym,HARD,11-15,bahrain_grand_prix,176,0.7329545454545454,6.680679580772392
mondrian_sym,HARD,11-15,belgian_grand_prix,68,0.8676470588235294,7.730129719786454
mondrian_sym,HARD,11-15,canadian_grand_prix,111,0.8828828828828829,5.233952894872705
mondrian_sym,HARD,11-15,chinese_grand_prix,63,0.9841269841269841,11.673370659825009
mondrian_sym,HARD,11-15,dutch_grand_prix,90,0.8666666666666667,5.496674207982304
mondrian_sym,HARD,11-15,emilia_romagna_grand_prix,88,0.9090909090909091,6.425738887959312
mondrian_sym,HARD,11-15,hungarian_grand_prix,237,0.9240506329113924,8.761461149887934
mondrian_sym,HARD,11-15,italian_grand_prix,172,0.7965116279069767,5.6853358964510425
mondrian_sym,HARD,11-15,japanese_grand_prix,130,0.7769230769230769,7.997285509268479
mondrian_sym,HARD,11-15,las_vegas_grand_prix,178,0.8033707865168539,8.198133378007295
mondrian_sym,HARD,11-15,mexico_city_grand_prix,137,0.8540145985401459,8.329103840675884
mondrian_sym,HARD,11-15,miami_grand_prix,137,0.8175182481751825,5.079506538448347
mondrian_sym,HARD,11-15,monaco_grand_prix,127,0.8188976377952756,14.058639651270285
mondrian_sym,HARD,11-15,qatar_grand_prix,71,1.0,17.799927030518113
mondrian_sym,HARD,11-15,saudi_arabian_grand_prix,109,0.7247706422018348,6.2592182294039205
mondrian_sym,HARD,11-15,singapore_grand_prix,147,0.9659863945578231,9.697047109805432
mondrian_sym,HARD,11-15,spanish_grand_prix,139,0.9568345323741008,11.062841184588118
mondrian_sym,HARD,11-15,united_states_grand_prix,128,0.8125,4.941589320374743
mondrian_sym,HARD,16-20,abu_dhabi_grand_prix,152,0.881578947368421,7.227862892288652
mondrian_sym,HARD,16-20,australian_grand_prix,146,0.821917808219178,5.725045592019744
mondrian_sym,HARD,16-20,austrian_grand_prix,167,0.6946107784431138,8.142957595125816
mondrian_sym,HARD,16-20,azerbaijan_grand_prix,171,0.8538011695906432,5.569597935909022
mondrian_sym,HARD,16-20,bahrain_grand_prix,85,0.8588235294117647,6.359984540397089
mondrian_sym,HARD,16-20,belgian_grand_prix,32,0.75,6.787174324141375
mondrian_sym,HARD,16-20,canadian_grand_prix,115,0.9304347826086956,6.5213581347693195
mondrian_sym,HARD,16-20,chinese_grand_prix,61,0.9344262295081968,8.035260632517963
mondrian_sym,HARD,16-20,dutch_grand_prix,98,0.8673469387755102,6.6354515283476
mondrian_sym,HARD,16-20,emilia_romagna_grand_prix,79,0.9240506329113924,6.785959756095485
mondrian_sym,HARD,16-20,hungarian_grand_prix,232,0.853448275862069,9.639846141526805
mondrian_sym,HARD,16-20,italian_grand_prix,113,0.7787610619469026,6.1428634573589544
mondrian_sym,HARD,16-20,japanese_grand_prix,59,0.847457627118644,8.969571229693733
mondrian_sym,HARD,16-20,las_vegas_grand_prix,104,0.8557692307692307,8.637131425963187
mondrian_sym,HARD,16-20,mexico_city_grand_prix,133,0.9022556390977443,7.272260834906513
mondrian_sym,HARD,16-20,miami_grand_prix,122,0.8032786885245902,5.053898303046785
mondrian_sym,HARD,16-20,monaco_grand_prix,98,0.6836734693877551,13.268578714733744
mondrian_sym,HARD,16-20,saudi_arabian_grand_prix,108,0.8055555555555556,6.823543662092764
mondrian_sym,HARD,16-20,singapore_grand_prix,97,0.9484536082474226,11.46801778588418
mondrian_sym,HARD,16-20,spanish_grand_prix,109,0.944954128440367,11.475046763505038
mondrian_sym,HARD,16-20,united_states_grand_prix,85,0.788235294117647,5.60648119464817
mondrian_sym,HARD,2-5,abu_dhabi_grand_prix,105,0.9333333333333333,6.423296694602681
mondrian_sym,HARD,2-5,australian_grand_prix,81,0.6172839506172839,7.245619520828553
mondrian_sym,HARD,2-5,austrian_grand_prix,97,0.8762886597938144,5.9657259921999275
mondrian_sym,HARD,2-5,azerbaijan_grand_prix,69,0.8985507246376812,9.535518310350527
mondrian_sym,HARD,2-5,bahrain_grand_prix,114,0.8508771929824561,5.73265751288308
mondrian_sym,HARD,2-5,belgian_grand_prix,43,0.9069767441860465,8.716588094185296
mondrian_sym,HARD,2-5,dutch_grand_prix,38,0.8157894736842105,6.926492165958015
mondrian_sym,HARD,2-5,emilia_romagna_grand_prix,35,0.9714285714285714,7.768517401636633
mondrian_sym,HARD,2-5,hungarian_grand_prix,131,0.916030534351145,7.477041677425337
mondrian_sym,HARD,2-5,italian_grand_prix,115,0.8869565217391304,6.480779811856576
mondrian_sym,HARD,2-5,japanese_grand_prix,89,0.9101123595505618,9.070870160026113
mondrian_sym,HARD,2-5,las_vegas_grand_prix,105,0.7142857142857143,9.031115212510873
mondrian_sym,HARD,2-5,mexico_city_grand_prix,60,0.9166666666666666,9.265519309319865
mondrian_sym,HARD,2-5,miami_grand_prix,54,0.9074074074074074,7.764287024498265
mondrian_sym,HARD,2-5,monaco_grand_prix,57,0.9824561403508771,11.952098550498171
mondrian_sym,HARD,2-5,qatar_grand_prix,52,1.0,20.025915577510894
mondrian_sym,HARD,2-5,saudi_arabian_grand_prix,50,0.92,13.29289431723236
mondrian_sym,HARD,2-5,singapore_grand_prix,56,0.9642857142857143,11.936639279172564
mondrian_sym,HARD,2-5,spanish_grand_prix,68,0.9117647058823529,10.390566191144835
mondrian_sym,HARD,2-5,united_states_grand_prix,52,0.9038461538461539,5.770358256335419
mondrian_sym,HARD,21-30,abu_dhabi_grand_prix,129,0.8837209302325582,6.786314970913254
mondrian_sym,HARD,21-30,australian_grand_prix,177,0.8135593220338984,5.73411718628101
mondrian_sym,HARD,21-30,austrian_grand_prix,80,0.875,6.329357650237073
mondrian_sym,HARD,21-30,azerbaijan_grand_prix,321,0.7445482866043613,6.795099454622467
mondrian_sym,HARD,21-30,canadian_grand_prix,163,0.8711656441717791,8.248887211996136
mondrian_sym,HARD,21-30,chinese_grand_prix,98,0.9489795918367347,7.809640676818567
mondrian_sym,HARD,21-30,dutch_grand_prix,172,0.7965116279069767,9.883166671957946
mondrian_sym,HARD,21-30,emilia_romagna_grand_prix,140,0.8857142857142857,8.790455679537386
mondrian_sym,HARD,21-30,hungarian_grand_prix,193,0.7616580310880829,7.325559595754039
mondrian_sym,HARD,21-30,italian_grand_prix,125,0.792,6.901283577851665
mondrian_sym,HARD,21-30,japanese_grand_prix,31,0.8064516129032258,10.849809815135144
mondrian_sym,HARD,21-30,las_vegas_grand_prix,51,0.7254901960784313,7.970912819767125
mondrian_sym,HARD,21-30,mexico_city_grand_prix,249,0.9076305220883534,6.91274797459947
mondrian_sym,HARD,21-30,miami_grand_prix,244,0.8524590163934426,4.697022804282935
mondrian_sym,HARD,21-30,monaco_grand_prix,216,0.8287037037037037,10.531240677304803
mondrian_sym,HARD,21-30,saudi_arabian_grand_prix,226,0.8761061946902655,7.869097335933871
mondrian_sym,HARD,21-30,singapore_grand_prix,154,0.922077922077922,10.947620275052497
mondrian_sym,HARD,21-30,spanish_grand_prix,83,0.891566265060241,10.982258208357948
mondrian_sym,HARD,21-30,united_states_grand_prix,89,0.797752808988764,4.7673300101114675
mondrian_sym,HARD,31-+,abu_dhabi_grand_prix,38,0.9210526315789473,6.787109243201717
mondrian_sym,HARD,31-+,australian_grand_prix,141,0.5602836879432624,7.955781748580256
mondrian_sym,HARD,31-+,azerbaijan_grand_prix,163,0.6687116564417178,6.082456543079603
mondrian_sym,HARD,31-+,canadian_grand_prix,78,0.7051282051282052,6.427812965140172
mondrian_sym,HARD,31-+,dutch_grand_prix,137,0.8905109489051095,7.3674782082299695
mondrian_sym,HARD,31-+,emilia_romagna_grand_prix,76,0.8289473684210527,7.808102044793707
mondrian_sym,HARD,31-+,mexico_city_grand_prix,115,0.782608695652174,7.773112316554425
mondrian_sym,HARD,31-+,miami_grand_prix,128,0.765625,5.09322224839715
mondrian_sym,HARD,31-+,monaco_grand_prix,507,0.6627218934911243,10.292197033081449
mondrian_sym,HARD,31-+,saudi_arabian_grand_prix,107,0.9439252336448598,7.7465262726269675
mondrian_sym,HARD,31-+,singapore_grand_prix,82,0.926829268292683,10.635996270243364
mondrian_sym,HARD,6-10,abu_dhabi_grand_prix,237,0.8354430379746836,5.251199861260299
mondrian_sym,HARD,6-10,australian_grand_prix,115,0.7913043478260869,5.0950261148329705
mondrian_sym,HARD,6-10,austrian_grand_prix,208,0.8509615384615384,5.120429256728981
mondrian_sym,HARD,6-10,azerbaijan_grand_prix,174,0.8448275862068966,6.978417883967664
mondrian_sym,HARD,6-10,bahrain_grand_prix,244,0.9426229508196722,5.381863526167084
mondrian_sym,HARD,6-10,belgian_grand_prix,97,0.9587628865979382,12.073859181784364
mondrian_sym,HARD,6-10,canadian_grand_prix,113,0.8849557522123894,8.060765758062239
mondrian_sym,HARD,6-10,chinese_grand_prix,35,1.0,11.044199322560846
mondrian_sym,HARD,6-10,dutch_grand_prix,94,0.8191489361702128,6.30539551694378
mondrian_sym,HARD,6-10,emilia_romagna_grand_prix,84,0.9642857142857143,7.280226183895122
mondrian_sym,HARD,6-10,hungarian_grand_prix,250,0.928,6.385181393956821
mondrian_sym,HARD,6-10,italian_grand_prix,214,0.8925233644859814,5.017965531679575
mondrian_sym,HARD,6-10,japanese_grand_prix,187,0.8342245989304813,9.8698206018471
mondrian_sym,HARD,6-10,las_vegas_grand_prix,235,0.851063829787234,7.820278615508947
mondrian_sym,HARD,6-10,mexico_city_grand_prix,144,0.8958333333333334,9.966717251961118
mondrian_sym,HARD,6-10,miami_grand_prix,126,0.8174603174603174,6.521178587993581
mondrian_sym,HARD,6-10,monaco_grand_prix,125,0.84,12.687347163855717
mondrian_sym,HARD,6-10,qatar_grand_prix,133,1.0,18.48000552138284
mondrian_sym,HARD,6-10,saudi_arabian_grand_prix,126,0.8253968253968254,8.160859869113803
mondrian_sym,HARD,6-10,singapore_grand_prix,145,0.9724137931034482,10.422083867959968
mondrian_sym,HARD,6-10,spanish_grand_prix,158,0.810126582278481,13.032461708596513
mondrian_sym,HARD,6-10,united_states_grand_prix,145,0.8758620689655172,5.859933498288159
mondrian_sym,INTERMEDIATE,11-15,canadian_grand_prix,115,1.0,15.234840933988368
mondrian_sym,INTERMEDIATE,11-15,monaco_grand_prix,72,0.9861111111111112,24.407932358085795
mondrian_sym,INTERMEDIATE,16-20,canadian_grand_prix,57,1.0,17.660225138745208
mondrian_sym,INTERMEDIATE,16-20,monaco_grand_prix,53,0.9811320754716981,17.45940619465846
mondrian_sym,INTERMEDIATE,2-5,canadian_grand_prix,45,1.0,17.397190311496118
mondrian_sym,INTERMEDIATE,2-5,são_paulo_grand_prix,30,0.9,13.55070445766862
mondrian_sym,INTERMEDIATE,21-30,são_paulo_grand_prix,142,0.7816901408450704,10.569937596676992
mondrian_sym,INTERMEDIATE,31-+,são_paulo_grand_prix,30,0.9666666666666667,8.587309363293805
mondrian_sym,INTERMEDIATE,6-10,canadian_grand_prix,148,1.0,15.431367103076258
mondrian_sym,INTERMEDIATE,6-10,monaco_grand_prix,68,0.9852941176470589,24.086478226657864
mondrian_sym,MEDIUM,11-15,abu_dhabi_grand_prix,49,0.7142857142857143,8.532690004744081
mondrian_sym,MEDIUM,11-15,austrian_grand_prix,142,0.7746478873239436,4.72208844480731
mondrian_sym,MEDIUM,11-15,belgian_grand_prix,44,0.9318181818181818,14.891118516866525
mondrian_sym,MEDIUM,11-15,british_grand_prix,131,0.6717557251908397,7.987826417346087
mondrian_sym,MEDIUM,11-15,canadian_grand_prix,36,0.7222222222222222,5.187769166459715
mondrian_sym,MEDIUM,11-15,dutch_grand_prix,101,0.7722772277227723,6.446245138598904
mondrian_sym,MEDIUM,11-15,emilia_romagna_grand_prix,71,0.8028169014084507,6.439607029315839
mondrian_sym,MEDIUM,11-15,hungarian_grand_prix,114,0.9122807017543859,5.86289412700727
mondrian_sym,MEDIUM,11-15,italian_grand_prix,66,0.8333333333333334,7.301705118298018
mondrian_sym,MEDIUM,11-15,japanese_grand_prix,42,0.8333333333333334,8.804564688382712
mondrian_sym,MEDIUM,11-15,mexico_city_grand_prix,185,0.8810810810810811,5.564646017146109
mondrian_sym,MEDIUM,11-15,miami_grand_prix,121,0.8099173553719008,6.8503863240272125
mondrian_sym,MEDIUM,11-15,monaco_grand_prix,72,0.6944444444444444,6.730327077433154
mondrian_sym,MEDIUM,11-15,qatar_grand_prix,92,1.0,17.86870452718511
mondrian_sym,MEDIUM,11-15,saudi_arabian_grand_prix,46,0.45652173913043476,6.757455236014428
mondrian_sym,MEDIUM,11-15,singapore_grand_prix,162,0.9382716049382716,10.744257440088619
mondrian_sym,MEDIUM,11-15,spanish_grand_prix,136,0.8455882352941176,10.314377479783499
mondrian_sym,MEDIUM,11-15,são_paulo_grand_prix,65,0.9538461538461539,6.4648048873517805
mondrian_sym,MEDIUM,11-15,united_states_grand_prix,128,0.859375,4.888943987372596
mondrian_sym,MEDIUM,16-20,abu_dhabi_grand_prix,32,0.71875,7.017131325184452
mondrian_sym,MEDIUM,16-20,austrian_grand_prix,71,0.7887323943661971,6.332248192208222
mondrian_sym,MEDIUM,16-20,british_grand_prix,123,0.15447154471544716,11.072084547966142
mondrian_sym,MEDIUM,16-20,canadian_grand_prix,61,0.8688524590163934,6.915801102559634
mondrian_sym,MEDIUM,16-20,dutch_grand_prix,90,0.8222222222222222,9.700695468404026
mondrian_sym,MEDIUM,16-20,emilia_romagna_grand_prix,52,0.9230769230769231,7.828511016157061
mondrian_sym,MEDIUM,16-20,hungarian_grand_prix,63,0.746031746031746,8.458774905846672
mondrian_sym,MEDIUM,16-20,mexico_city_grand_prix,155,0.9354838709677419,5.6990615841037195
mondrian_sym,MEDIUM,16-20,miami_grand_prix,62,0.7419354838709677,6.474887654312119
mondrian_sym,MEDIUM,16-20,monaco_grand_prix,42,0.47619047619047616,10.210210090548905
mondrian_sym,MEDIUM,16-20,qatar_grand_prix,73,1.0,17.23503004488767
mondrian_sym,MEDIUM,16-20,saudi_arabian_grand_prix,37,0.7297297297297297,6.978279665046532
mondrian_sym,MEDIUM,16-20,singapore_grand_prix,81,0.9506172839506173,10.073612320753714
mondrian_sym,MEDIUM,16-20,spanish_grand_prix,92,0.9782608695652174,10.217254642013161
mondrian_sym,MEDIUM,16-20,são_paulo_grand_prix,45,0.8222222222222222,9.202593495092286
mondrian_sym,MEDIUM,16-20,united_states_grand_prix,60,0.9333333333333333,5.400499941092249
mondrian_sym,MEDIUM,2-5,abu_dhabi_grand_prix,56,0.9107142857142857,9.718270975425526
mondrian_sym,MEDIUM,2-5,austrian_grand_prix,125,0.848,7.709275240095247
mondrian_sym,MEDIUM,2-5,azerbaijan_grand_prix,51,0.7843137254901961,6.818685760452564
mondrian_sym,MEDIUM,2-5,belgian_grand_prix,69,0.9710144927536232,16.151493271651603
mondrian_sym,MEDIUM,2-5,british_grand_prix,68,0.4264705882352941,5.943891042429316
mondrian_sym,MEDIUM,2-5,chinese_grand_prix,31,0.9032258064516129,8.960847397353126
mondrian_sym,MEDIUM,2-5,dutch_grand_prix,46,0.8478260869565217,6.831533176364744
mondrian_sym,MEDIUM,2-5,emilia_romagna_grand_prix,46,0.8043478260869565,7.434131791176879
mondrian_sym,MEDIUM,2-5,hungarian_grand_prix,98,0.8469387755102041,7.855877257934807
mondrian_sym,MEDIUM,2-5,italian_grand_prix,96,0.84375,6.585101949281394
mondrian_sym,MEDIUM,2-5,japanese_grand_prix,49,0.8571428571428571,11.225522701333377
mondrian_sym,MEDIUM,2-5,las_vegas_grand_prix,33,0.9090909090909091,9.108160684541648
mondrian_sym,MEDIUM,2-5,mexico_city_grand_prix,34,0.9705882352941176,8.53793922976669
mondrian_sym,MEDIUM,2-5,miami_grand_prix,77,0.948051948051948,7.86568598785671
mondrian_sym,MEDIUM,2-5,monaco_grand_prix,41,0.8536585365853658,8.703178537233262
mondrian_sym,MEDIUM,2-5,qatar_grand_prix,62,0.9838709677419355,24.7178211080803
mondrian_sym,MEDIUM,2-5,singapore_grand_prix,71,0.9436619718309859,10.792050697243448
mondrian_sym,MEDIUM,2-5,spanish_grand_prix,69,0.9130434782608695,8.2676524365449
mondrian_sym,MEDIUM,2-5,united_states_grand_prix,68,0.7794117647058824,7.652638926829532
mondrian_sym,MEDIUM,21-30,austrian_grand_prix,39,0.8461538461538461,7.221023567308467
mondrian_sym,MEDIUM,21-30,british_grand_prix,51,0.3333333333333333,4.828368996020206
mondrian_sym,MEDIUM,21-30,canadian_grand_prix,49,0.8775510204081632,6.353249343049531
mondrian_sym,MEDIUM,21-30,dutch_grand_prix,60,0.9333333333333333,7.388469843619614
mondrian_sym,MEDIUM,21-30,emilia_romagna_grand_prix,38,0.7105263157894737,11.946255341689033
mondrian_sym,MEDIUM,21-30,hungarian_grand_prix,34,0.8235294117647058,6.922819937157664
mondrian_sym,MEDIUM,21-30,mexico_city_grand_prix,134,0.8582089552238806,6.982686832541455
mondrian_sym,MEDIUM,21-30,miami_grand_prix,33,0.6060606060606061,8.16943155177683
mondrian_sym,MEDIUM,21-30,monaco_grand_prix,111,0.43243243243243246,6.959531113443298
mondrian_sym,MEDIUM,21-30,qatar_grand_prix,114,1.0,18.57925872878714
mondrian_sym,MEDIUM,21-30,saudi_arabian_grand_prix,64,0.78125,8.615381893252426
mondrian_sym,MEDIUM,21-30,singapore_grand_prix,82,0.8780487804878049,12.540107002356898
mondrian_sym,MEDIUM,31-+,monaco_grand_prix,218,0.5642201834862385,8.284493629426526
mondrian_sym,MEDIUM,6-10,abu_dhabi_grand_prix,79,0.8227848101265823,5.6605596275014145
mondrian_sym,MEDIUM,6-10,austrian_grand_prix,187,0.8128342245989305,4.850917363360548
mondrian_sym,MEDIUM,6-10,azerbaijan_grand_prix,42,0.9285714285714286,5.5851814570267635
mondrian_sym,MEDIUM,6-10,belgian_grand_prix,119,0.9663865546218487,19.55459117075893
mondrian_sym,MEDIUM,6-10,british_grand_prix,158,0.810126582278481,5.057029739941641
mondrian_sym,MEDIUM,6-10,canadian_grand_prix,40,0.9,5.964089089204529
mondrian_sym,MEDIUM,6-10,chinese_grand_prix,38,1.0,9.23611688975122
mondrian_sym,MEDIUM,6-10,dutch_grand_prix,118,0.847457627118644,6.953467623120764
mondrian_sym,MEDIUM,6-10,emilia_romagna_grand_prix,77,0.8311688311688312,6.3489381363506245
mondrian_sym,MEDIUM,6-10,hungarian_grand_prix,168,0.9404761904761905,5.744823243035591
mondrian_sym,MEDIUM,6-10,italian_grand_prix,144,0.8541666666666666,5.278831006368076
mondrian_sym,MEDIUM,6-10,japanese_grand_prix,110,0.9181818181818182,11.576154042426175
mondrian_sym,MEDIUM,6-10,las_vegas_grand_prix,58,0.8620689655172413,11.360513604597909
mondrian_sym,MEDIUM,6-10,mexico_city_grand_prix,184,0.8641304347826086,8.024435265559957
mondrian_sym,MEDIUM,6-10,miami_grand_prix,162,0.8271604938271605,6.629560163017964
mondrian_sym,MEDIUM,6-10,monaco_grand_prix,72,0.875,7.623176128102362
mondrian_sym,MEDIUM,6-10,qatar_grand_prix,162,1.0,20.61515243037772
mondrian_sym,MEDIUM,6-10,saudi_arabian_grand_prix,73,0.821917808219178,12.671588608098133
mondrian_sym,MEDIUM,6-10,singapore_grand_prix,174,0.9482758620689655,9.942845805079742
mondrian_sym,MEDIUM,6-10,spanish_grand_prix,160,0.96875,7.548438278225963
mondrian_sym,MEDIUM,6-10,são_paulo_grand_prix,67,0.9701492537313433,6.0355491346928405
mondrian_sym,MEDIUM,6-10,united_states_grand_prix,187,0.8502673796791443,6.648839865185008
mondrian_sym,SOFT,11-15,bahrain_grand_prix,33,0.9090909090909091,9.464253237110027
mondrian_sym,SOFT,11-15,belgian_grand_prix,36,0.8888888888888888,15.441018769697157
mondrian_sym,SOFT,11-15,british_grand_prix,60,1.0,9.098284832613018
mondrian_sym,SOFT,11-15,dutch_grand_prix,71,0.9154929577464789,14.074930863814203
mondrian_sym,SOFT,11-15,spanish_grand_prix,90,0.9444444444444444,8.329574631477799
mondrian_sym,SOFT,11-15,são_paulo_grand_prix,107,0.8317757009345794,8.528014158625544
mondrian_sym,SOFT,16-20,dutch_grand_prix,73,0.7808219178082192,10.889733712288875
mondrian_sym,SOFT,16-20,spanish_grand_prix,32,0.90625,9.26681798083127
mondrian_sym,SOFT,16-20,são_paulo_grand_prix,64,0.921875,7.256788280788221
mondrian_sym,SOFT,2-5,bahrain_grand_prix,131,0.9083969465648855,7.36782191515371
mondrian_sym,SOFT,2-5,belgian_grand_prix,37,0.918918918918919,8.003820414845013
mondrian_sym,SOFT,2-5,british_grand_prix,33,0.6666666666666666,7.306213418746489
mondrian_sym,SOFT,2-5,dutch_grand_prix,49,1.0,11.543732303165536
mondrian_sym,SOFT,2-5,spanish_grand_prix,112,0.8839285714285714,10.288081210558484
mondrian_sym,SOFT,2-5,são_paulo_grand_prix,100,0.97,10.213986833482393
mondrian_sym,SOFT,21-30,dutch_grand_prix,91,0.9120879120879121,10.875416158441254
mondrian_sym,SOFT,6-10,bahrain_grand_prix,114,0.7017543859649122,5.8163318206486165
mondrian_sym,SOFT,6-10,belgian_grand_prix,65,0.8769230769230769,8.95323470119701
mondrian_sym,SOFT,6-10,british_grand_prix,88,0.8977272727272727,9.1550012738212
mondrian_sym,SOFT,6-10,dutch_grand_prix,90,0.7666666666666667,13.319518955011961
mondrian_sym,SOFT,6-10,singapore_grand_prix,31,0.967741935483871,8.906936820161217
mondrian_sym,SOFT,6-10,spanish_grand_prix,181,0.9392265193370166,7.50931683969911
mondrian_sym,SOFT,6-10,são_paulo_grand_prix,158,0.8607594936708861,9.18047472766959
mondrian_asym,HARD,11-15,abu_dhabi_grand_prix,215,0.8930232558139535,5.1742131014056785
mondrian_asym,HARD,11-15,australian_grand_prix,184,0.8152173913043478,4.6651247491830174
mondrian_asym,HARD,11-15,austrian_grand_prix,189,0.6666666666666666,5.972152738958537
mondrian_asym,HARD,11-15,azerbaijan_grand_prix,180,0.7055555555555556,4.407185371549366
mondrian_asym,HARD,11-15,bahrain_grand_prix,176,0.7329545454545454,6.729177189340896
mondrian_asym,HARD,11-15,belgian_grand_prix,68,0.8970588235294118,7.555482359148018
mondrian_asym,HARD,11-15,canadian_grand_prix,111,0.9009009009009009,5.140676128380789
mondrian_asym,HARD,11-15,chinese_grand_prix,63,0.9841269841269841,11.677996524053274
mondrian_asym,HARD,11-15,dutch_grand_prix,90,0.8,5.311814633352384
mondrian_asym,HARD,11-15,emilia_romagna_grand_prix,88,0.75,5.545054293287207
mondrian_asym,HARD,11-15,hungarian_grand_prix,237,0.9409282700421941,8.978831737537853
mondrian_asym,HARD,11-15,italian_grand_prix,172,0.8023255813953488,5.641290537327482
mondrian_asym,HARD,11-15,japanese_grand_prix,130,0.7,8.59423451226145
mondrian_asym,HARD,11-15,las_vegas_grand_prix,178,0.7921348314606742,8.202759242235562
mondrian_asym,HARD,11-15,mexico_city_grand_prix,137,0.8613138686131386,8.388475066145133
mondrian_asym,HARD,11-15,miami_grand_prix,137,0.7007299270072993,4.976346859876762
mondrian_asym,HARD,11-15,monaco_grand_prix,127,0.8188976377952756,14.068320473424084
mondrian_asym,HARD,11-15,qatar_grand_prix,71,1.0,18.678497848562873
mondrian_asym,HARD,11-15,saudi_arabian_grand_prix,109,0.7339449541284404,5.841842673994141
mondrian_asym,HARD,11-15,singapore_grand_prix,147,0.891156462585034,9.316013161307938
mondrian_asym,HARD,11-15,spanish_grand_prix,139,0.9424460431654677,10.9494961794309
mondrian_asym,HARD,11-15,united_states_grand_prix,128,0.8125,5.033225635708151
mondrian_asym,HARD,16-20,abu_dhabi_grand_prix,152,0.8947368421052632,7.243341796524854
mondrian_asym,HARD,16-20,australian_grand_prix,146,0.821917808219178,5.605136131545994
mondrian_asym,HARD,16-20,austrian_grand_prix,167,0.7125748502994012,7.988351255818773
mondrian_asym,HARD,16-20,azerbaijan_grand_prix,171,0.7485380116959064,5.20988426222904
mondrian_asym,HARD,16-20,bahrain_grand_prix,85,0.8588235294117647,6.408482148965589
mondrian_asym,HARD,16-20,belgian_grand_prix,32,0.8125,6.612526963502939
mondrian_asym,HARD,16-20,canadian_grand_prix,115,0.8956521739130435,6.428081368277404
mondrian_asym,HARD,16-20,chinese_grand_prix,61,0.9508196721311475,8.039886496746226
mondrian_asym,HARD,16-20,dutch_grand_prix,98,0.8469387755102041,6.450591953717681
mondrian_asym,HARD,16-20,emilia_romagna_grand_prix,79,0.759493670886076,5.905275161423379
mondrian_asym,HARD,16-20,hungarian_grand_prix,232,0.8189655172413793,9.857216729176724
mondrian_asym,HARD,16-20,italian_grand_prix,113,0.7522123893805309,6.098818098235394
mondrian_asym,HARD,16-20,japanese_grand_prix,59,0.8813559322033898,9.566520232686702
mondrian_asym,HARD,16-20,las_vegas_grand_prix,104,0.8461538461538461,8.641757290191453
mondrian_asym,HARD,16-20,mexico_city_grand_prix,133,0.8872180451127819,7.331632060375761
mondrian_asym,HARD,16-20,miami_grand_prix,122,0.8114754098360656,4.950738624475201
mondrian_asym,HARD,16-20,monaco_grand_prix,98,0.6836734693877551,13.278259536887543
mondrian_asym,HARD,16-20,saudi_arabian_grand_prix,108,0.8240740740740741,6.4061681066829825
mondrian_asym,HARD,16-20,singapore_grand_prix,97,0.9278350515463918,11.086983837386688
mondrian_asym,HARD,16-20,spanish_grand_prix,109,0.944954128440367,11.361701758347818
mondrian_asym,HARD,16-20,united_states_grand_prix,85,0.788235294117647,5.698117509981578
mondrian_asym,HARD,2-5,abu_dhabi_grand_prix,105,0.9428571428571428,6.438775598838883
mondrian_asym,HARD,2-5,australian_grand_prix,81,0.654320987654321,7.125710060354804
mondrian_asym,HARD,2-5,austrian_grand_prix,97,0.865979381443299,5.811119652892885
mondrian_asym,HARD,2-5,azerbaijan_grand_prix,69,0.855072463768116,9.175804636670545
mondrian_asym,HARD,2-5,bahrain_grand_prix,114,0.868421052631579,5.781155121451582
mondrian_asym,HARD,2-5,belgian_grand_prix,43,0.8372093023255814,8.541940733546857
mondrian_asym,HARD,2-5,dutch_grand_prix,38,0.7894736842105263,6.741632591328095
mondrian_asym,HARD,2-5,emilia_romagna_grand_prix,35,0.8285714285714286,6.8878328069645285
mondrian_asym,HARD,2-5,hungarian_grand_prix,131,0.9007633587786259,7.6944122650752576
mondrian_asym,HARD,2-5,italian_grand_prix,115,0.8869565217391304,6.436734452733015
mondrian_asym,HARD,2-5,japanese_grand_prix,89,0.9101123595505618,9.667819163019082
mondrian_asym,HARD,2-5,las_vegas_grand_prix,105,0.7047619047619048,9.03574107673914
mondrian_asym,HARD,2-5,mexico_city_grand_prix,60,0.95,9.324890534789114
mondrian_asym,HARD,2-5,miami_grand_prix,54,0.9074074074074074,7.66112734592668
mondrian_asym,HARD,2-5,monaco_grand_prix,57,0.9824561403508771,11.961779372651971
mondrian_asym,HARD,2-5,qatar_grand_prix,52,0.9807692307692307,20.904486395555654
mondrian_asym,HARD,2-5,saudi_arabian_grand_prix,50,0.9,12.87551876182258
mondrian_asym,HARD,2-5,singapore_grand_prix,56,0.9107142857142857,11.55560533067507
mondrian_asym,HARD,2-5,spanish_grand_prix,68,0.8382352941176471,10.277221185987617
mondrian_asym,HARD,2-5,united_states_grand_prix,52,0.9038461538461539,5.861994571668829
mondrian_asym,HARD,21-30,abu_dhabi_grand_prix,129,0.8837209302325582,6.801793875149458
mondrian_asym,HARD,21-30,australian_grand_prix,177,0.8192090395480226,5.614207725807259
mondrian_asym,HARD,21-30,austrian_grand_prix,80,0.8625,6.17475131093003
mondrian_asym,HARD,21-30,azerbaijan_grand_prix,321,0.7507788161993769,6.435385780942485
mondrian_asym,HARD,21-30,canadian_grand_prix,163,0.8895705521472392,8.15561044550422
mondrian_asym,HARD,21-30,chinese_grand_prix,98,0.9489795918367347,7.814266541046833
mondrian_asym,HARD,21-30,dutch_grand_prix,172,0.7848837209302325,9.698307097328026
mondrian_asym,HARD,21-30,emilia_romagna_grand_prix,140,0.7642857142857142,7.909771084865279
mondrian_asym,HARD,21-30,hungarian_grand_prix,193,0.7461139896373057,7.54293018340396
mondrian_asym,HARD,21-30,italian_grand_prix,125,0.816,6.857238218728103
mondrian_asym,HARD,21-30,japanese_grand_prix,31,0.7741935483870968,11.446758818128114
mondrian_asym,HARD,21-30,las_vegas_grand_prix,51,0.7254901960784313,7.9755386839953895
mondrian_asym,HARD,21-30,mexico_city_grand_prix,249,0.9036144578313253,6.972119200068719
mondrian_asym,HARD,21-30,miami_grand_prix,244,0.8114754098360656,4.59386312571135
mondrian_asym,HARD,21-30,monaco_grand_prix,216,0.8287037037037037,10.540921499458603
mondrian_asym,HARD,21-30,saudi_arabian_grand_prix,226,0.8805309734513275,7.451721780524091
mondrian_asym,HARD,21-30,singapore_grand_prix,154,0.8896103896103896,10.566586326555
mondrian_asym,HARD,21-30,spanish_grand_prix,83,0.7951807228915663,10.86891320320073
mondrian_asym,HARD,21-30,united_states_grand_prix,89,0.797752808988764,4.858966325444875
mondrian_asym,HARD,31-+,abu_dhabi_grand_prix,38,0.9210526315789473,6.802588147437919
mondrian_asym,HARD,31-+,australian_grand_prix,141,0.5673758865248227,7.835872288106507
mondrian_asym,HARD,31-+,azerbaijan_grand_prix,163,0.754601226993865,5.722742869399622
mondrian_asym,HARD,31-+,canadian_grand_prix,78,0.717948717948718,6.334536198648255
mondrian_asym,HARD,31-+,dutch_grand_prix,137,0.7737226277372263,7.1826186336000495
mondrian_asym,HARD,31-+,emilia_romagna_grand_prix,76,0.7236842105263158,6.9274174501216015
mondrian_asym,HARD,31-+,mexico_city_grand_prix,115,0.7739130434782608,7.832483542023673
mondrian_asym,HARD,31-+,miami_grand_prix,128,0.7421875,4.990062569825565
mondrian_asym,HARD,31-+,monaco_grand_prix,507,0.6627218934911243,10.301877855235247
mondrian_asym,HARD,31-+,saudi_arabian_grand_prix,107,0.9252336448598131,7.329150717217187
mondrian_asym,HARD,31-+,singapore_grand_prix,82,0.8780487804878049,10.25496232174587
mondrian_asym,HARD,6-10,abu_dhabi_grand_prix,237,0.8354430379746836,5.2666787654965015
mondrian_asym,HARD,6-10,australian_grand_prix,115,0.8521739130434782,4.97511665435922
mondrian_asym,HARD,6-10,austrian_grand_prix,208,0.8269230769230769,4.965822917421938
mondrian_asym,HARD,6-10,azerbaijan_grand_prix,174,0.8390804597701149,6.6187042102876825
mondrian_asym,HARD,6-10,bahrain_grand_prix,244,0.9426229508196722,5.430361134735586
mondrian_asym,HARD,6-10,belgian_grand_prix,97,0.9587628865979382,11.899211821145927
mondrian_asym,HARD,6-10,canadian_grand_prix,113,0.8849557522123894,7.967488991570324
mondrian_asym,HARD,6-10,chinese_grand_prix,35,1.0,11.048825186789115
mondrian_asym,HARD,6-10,dutch_grand_prix,94,0.8297872340425532,6.120535942313859
mondrian_asym,HARD,6-10,emilia_romagna_grand_prix,84,0.9285714285714286,6.399541589223015
mondrian_asym,HARD,6-10,hungarian_grand_prix,250,0.924,6.602551981606741
mondrian_asym,HARD,6-10,italian_grand_prix,214,0.883177570093458,4.9739201725560145
mondrian_asym,HARD,6-10,japanese_grand_prix,187,0.8021390374331551,10.46676960484007
mondrian_asym,HARD,6-10,las_vegas_grand_prix,235,0.851063829787234,7.824904479737214
mondrian_asym,HARD,6-10,mexico_city_grand_prix,144,0.9236111111111112,10.026088477430367
mondrian_asym,HARD,6-10,miami_grand_prix,126,0.8571428571428571,6.418018909421996
mondrian_asym,HARD,6-10,monaco_grand_prix,125,0.84,12.697027986009514
mondrian_asym,HARD,6-10,qatar_grand_prix,133,1.0,19.3585763394276
mondrian_asym,HARD,6-10,saudi_arabian_grand_prix,126,0.8174603174603174,7.743484313704024
mondrian_asym,HARD,6-10,singapore_grand_prix,145,0.9379310344827586,10.041049919462473
mondrian_asym,HARD,6-10,spanish_grand_prix,158,0.7531645569620253,12.919116703439293
mondrian_asym,HARD,6-10,united_states_grand_prix,145,0.8758620689655172,5.951569813621568
mondrian_asym,INTERMEDIATE,11-15,canadian_grand_prix,115,1.0,15.141564167496451
mondrian_asym,INTERMEDIATE,11-15,monaco_grand_prix,72,0.9861111111111112,24.417613180239595
mondrian_asym,INTERMEDIATE,16-20,canadian_grand_prix,57,1.0,17.566948372253293
mondrian_asym,INTERMEDIATE,16-20,monaco_grand_prix,53,0.9811320754716981,17.46908701681226
mondrian_asym,INTERMEDIATE,2-5,canadian_grand_prix,45,1.0,17.303913545004203
mondrian_asym,INTERMEDIATE,2-5,são_paulo_grand_prix,30,0.9333333333333333,13.600937464976317
mondrian_asym,INTERMEDIATE,21-30,são_paulo_grand_prix,142,0.7746478873239436,10.620170603984688
mondrian_asym,INTERMEDIATE,31-+,são_paulo_grand_prix,30,0.9,8.6375423706015
mondrian_asym,INTERMEDIATE,6-10,canadian_grand_prix,148,1.0,15.338090336584346
mondrian_asym,INTERMEDIATE,6-10,monaco_grand_prix,68,0.9852941176470589,24.096159048811657
mondrian_asym,MEDIUM,11-15,abu_dhabi_grand_prix,49,0.7142857142857143,8.548168908980283
mondrian_asym,MEDIUM,11-15,austrian_grand_prix,142,0.6619718309859155,4.567482105500269
mondrian_asym,MEDIUM,11-15,belgian_grand_prix,44,0.9090909090909091,14.716471156228089
mondrian_asym,MEDIUM,11-15,british_grand_prix,131,0.6641221374045801,8.005897046541415
mondrian_asym,MEDIUM,11-15,canadian_grand_prix,36,0.75,5.094492399967798
mondrian_asym,MEDIUM,11-15,dutch_grand_prix,101,0.7722772277227723,6.261385563968984
mondrian_asym,MEDIUM,11-15,emilia_romagna_grand_prix,71,0.4084507042253521,5.558922434643733
mondrian_asym,MEDIUM,11-15,hungarian_grand_prix,114,0.9122807017543859,6.08026471465719
mondrian_asym,MEDIUM,11-15,italian_grand_prix,66,0.8333333333333334,7.257659759174456
mondrian_asym,MEDIUM,11-15,japanese_grand_prix,42,0.8095238095238095,9.401513691375683
mondrian_asym,MEDIUM,11-15,mexico_city_grand_prix,185,0.8756756756756757,5.624017242615358
mondrian_asym,MEDIUM,11-15,miami_grand_prix,121,0.7272727272727273,6.747226645455628
mondrian_asym,MEDIUM,11-15,monaco_grand_prix,72,0.6944444444444444,6.740007899586953
mondrian_asym,MEDIUM,11-15,qatar_grand_prix,92,0.9891304347826086,18.74727534522987
mondrian_asym,MEDIUM,11-15,saudi_arabian_grand_prix,46,0.4782608695652174,6.340079680604647
mondrian_asym,MEDIUM,11-15,singapore_grand_prix,162,0.8888888888888888,10.363223491591125
mondrian_asym,MEDIUM,11-15,spanish_grand_prix,136,0.7647058823529411,10.201032474626281
mondrian_asym,MEDIUM,11-15,são_paulo_grand_prix,65,0.9538461538461539,6.515037894659476
mondrian_asym,MEDIUM,11-15,united_states_grand_prix,128,0.8671875,4.980580302706004
mondrian_asym,MEDIUM,16-20,abu_dhabi_grand_prix,32,0.71875,7.032610229420655
mondrian_asym,MEDIUM,16-20,austrian_grand_prix,71,0.676056338028169,6.17764185290118
mondrian_asym,MEDIUM,16-20,british_grand_prix,123,0.24390243902439024,11.090155177161472
mondrian_asym,MEDIUM,16-20,canadian_grand_prix,61,0.8688524590163934,6.822524336067717
mondrian_asym,MEDIUM,16-20,dutch_grand_prix,90,0.7,9.515835893774108
mondrian_asym,MEDIUM,16-20,emilia_romagna_grand_prix,52,0.8846153846153846,6.947826421484955
mondrian_asym,MEDIUM,16-20,hungarian_grand_prix,63,0.746031746031746,8.676145493496593
mondrian_asym,MEDIUM,16-20,mexico_city_grand_prix,155,0.9354838709677419,5.758432809572969
mondrian_asym,MEDIUM,16-20,miami_grand_prix,62,0.7096774193548387,6.371727975740534
mondrian_asym,MEDIUM,16-20,monaco_grand_prix,42,0.47619047619047616,10.219890912702704
mondrian_asym,MEDIUM,16-20,qatar_grand_prix,73,1.0,18.113600862932426
mondrian_asym,MEDIUM,16-20,saudi_arabian_grand_prix,37,0.6756756756756757,6.560904109636752
mondrian_asym,MEDIUM,16-20,singapore_grand_prix,81,0.8888888888888888,9.69257837225622
mondrian_asym,MEDIUM,16-20,spanish_grand_prix,92,0.9456521739130435,10.103909636855944
mondrian_asym,MEDIUM,16-20,são_paulo_grand_prix,45,0.8666666666666667,9.25282650239998
mondrian_asym,MEDIUM,16-20,united_states_grand_prix,60,0.9333333333333333,5.492136256425657
mondrian_asym,MEDIUM,2-5,abu_dhabi_grand_prix,56,0.9107142857142857,9.733749879661728
mondrian_asym,MEDIUM,2-5,austrian_grand_prix,125,0.872,7.554668900788205
mondrian_asym,MEDIUM,2-5,azerbaijan_grand_prix,51,0.7450980392156863,6.458972086772583
mondrian_asym,MEDIUM,2-5,belgian_grand_prix,69,0.8985507246376812,15.976845911013163
mondrian_asym,MEDIUM,2-5,british_grand_prix,68,0.36764705882352944,5.9619616716246435
mondrian_asym,MEDIUM,2-5,chinese_grand_prix,31,0.9032258064516129,8.96547326158139
mondrian_asym,MEDIUM,2-5,dutch_grand_prix,46,0.8260869565217391,6.6466736017348245
mondrian_asym,MEDIUM,2-5,emilia_romagna_grand_prix,46,0.8260869565217391,6.553447196504774
mondrian_asym,MEDIUM,2-5,hungarian_grand_prix,98,0.8469387755102041,8.07324784558473
mondrian_asym,MEDIUM,2-5,italian_grand_prix,96,0.8125,6.541056590157832
mondrian_asym,MEDIUM,2-5,japanese_grand_prix,49,0.9387755102040817,11.822471704326345
mondrian_asym,MEDIUM,2-5,las_vegas_grand_prix,33,0.9090909090909091,9.112786548769913
mondrian_asym,MEDIUM,2-5,mexico_city_grand_prix,34,0.9705882352941176,8.59731045523594
mondrian_asym,MEDIUM,2-5,miami_grand_prix,77,0.922077922077922,7.762526309285125
mondrian_asym,MEDIUM,2-5,monaco_grand_prix,41,0.8536585365853658,8.71285935938706
mondrian_asym,MEDIUM,2-5,qatar_grand_prix,62,0.9838709677419355,25.59639192612506
mondrian_asym,MEDIUM,2-5,singapore_grand_prix,71,0.9295774647887324,10.411016748745956
mondrian_asym,MEDIUM,2-5,spanish_grand_prix,69,0.9130434782608695,8.154307431387682
mondrian_asym,MEDIUM,2-5,united_states_grand_prix,68,0.7794117647058824,7.744275242162938
mondrian_asym,MEDIUM,21-30,austrian_grand_prix,39,0.8461538461538461,7.066417228001425
mondrian_asym,MEDIUM,21-30,british_grand_prix,51,0.47058823529411764,4.846439625215535
mondrian_asym,MEDIUM,21-30,canadian_grand_prix,49,0.8163265306122449,6.259972576557615
mondrian_asym,MEDIUM,21-30,dutch_grand_prix,60,0.9166666666666666,7.203610268989694
mondrian_asym,MEDIUM,21-30,emilia_romagna_grand_prix,38,0.6052631578947368,11.065570747016926
mondrian_asym,MEDIUM,21-30,hungarian_grand_prix,34,0.8235294117647058,7.140190524807585
mondrian_asym,MEDIUM,21-30,mexico_city_grand_prix,134,0.8731343283582089,7.042058058010704
mondrian_asym,MEDIUM,21-30,miami_grand_prix,33,0.6363636363636364,8.066271873205244
mondrian_asym,MEDIUM,21-30,monaco_grand_prix,111,0.43243243243243246,6.969211935597096
mondrian_asym,MEDIUM,21-30,qatar_grand_prix,114,1.0,19.457829546831896
mondrian_asym,MEDIUM,21-30,saudi_arabian_grand_prix,64,0.796875,8.198006337842646
mondrian_asym,MEDIUM,21-30,singapore_grand_prix,82,0.8414634146341463,12.159073053859403
mondrian_asym,MEDIUM,31-+,monaco_grand_prix,218,0.5688073394495413,8.294174451580325
mondrian_asym,MEDIUM,6-10,abu_dhabi_grand_prix,79,0.8227848101265823,5.676038531737617
mondrian_asym,MEDIUM,6-10,austrian_grand_prix,187,0.7754010695187166,4.696311024053506
mondrian_asym,MEDIUM,6-10,azerbaijan_grand_prix,42,0.9761904761904762,5.225467783346782
mondrian_asym,MEDIUM,6-10,belgian_grand_prix,119,0.9411764705882353,19.379943810120494
mondrian_asym,MEDIUM,6-10,british_grand_prix,158,0.7151898734177216,5.07510036913697
mondrian_asym,MEDIUM,6-10,canadian_grand_prix,40,0.925,5.870812322712612
mondrian_asym,MEDIUM,6-10,chinese_grand_prix,38,1.0,9.240742753979484
mondrian_asym,MEDIUM,6-10,dutch_grand_prix,118,0.8728813559322034,6.768608048490843
mondrian_asym,MEDIUM,6-10,emilia_romagna_grand_prix,77,0.7662337662337663,5.468253541678519
mondrian_asym,MEDIUM,6-10,hungarian_grand_prix,168,0.9523809523809523,5.962193830685512
mondrian_asym,MEDIUM,6-10,italian_grand_prix,144,0.8333333333333334,5.234785647244515
mondrian_asym,MEDIUM,6-10,japanese_grand_prix,110,0.9090909090909091,12.173103045419147
mondrian_asym,MEDIUM,6-10,las_vegas_grand_prix,58,0.8620689655172413,11.365139468826174
mondrian_asym,MEDIUM,6-10,mexico_city_grand_prix,184,0.8858695652173914,8.083806491029206
mondrian_asym,MEDIUM,6-10,miami_grand_prix,162,0.8148148148148148,6.526400484446379
mondrian_asym,MEDIUM,6-10,monaco_grand_prix,72,0.875,7.632856950256159
mondrian_asym,MEDIUM,6-10,qatar_grand_prix,162,0.9938271604938271,21.49372324842248
mondrian_asym,MEDIUM,6-10,saudi_arabian_grand_prix,73,0.8356164383561644,12.254213052688351
mondrian_asym,MEDIUM,6-10,singapore_grand_prix,174,0.9080459770114943,9.561811856582247
mondrian_asym,MEDIUM,6-10,spanish_grand_prix,160,0.975,7.435093273068745
mondrian_asym,MEDIUM,6-10,são_paulo_grand_prix,67,0.9850746268656716,6.085782142000536
mondrian_asym,MEDIUM,6-10,united_states_grand_prix,187,0.8556149732620321,6.7404761805184155
mondrian_asym,SOFT,11-15,bahrain_grand_prix,33,0.9090909090909091,9.512750845678529
mondrian_asym,SOFT,11-15,belgian_grand_prix,36,0.7222222222222222,15.266371409058719
mondrian_asym,SOFT,11-15,british_grand_prix,60,1.0,9.116355461808347
mondrian_asym,SOFT,11-15,dutch_grand_prix,71,0.9154929577464789,13.890071289184283
mondrian_asym,SOFT,11-15,spanish_grand_prix,90,0.9111111111111111,8.21622962632058
mondrian_asym,SOFT,11-15,são_paulo_grand_prix,107,0.8691588785046729,8.578247165933238
mondrian_asym,SOFT,16-20,dutch_grand_prix,73,0.821917808219178,10.704874137658955
mondrian_asym,SOFT,16-20,spanish_grand_prix,32,0.96875,9.153472975674052
mondrian_asym,SOFT,16-20,são_paulo_grand_prix,64,0.953125,7.307021288095917
mondrian_asym,SOFT,2-5,bahrain_grand_prix,131,0.916030534351145,7.416319523722212
mondrian_asym,SOFT,2-5,belgian_grand_prix,37,0.918918918918919,7.829173054206578
mondrian_asym,SOFT,2-5,british_grand_prix,33,0.6060606060606061,7.324284047941817
mondrian_asym,SOFT,2-5,dutch_grand_prix,49,0.9795918367346939,11.358872728535616
mondrian_asym,SOFT,2-5,spanish_grand_prix,112,0.875,10.174736205401263
mondrian_asym,SOFT,2-5,são_paulo_grand_prix,100,0.98,10.264219840790087
mondrian_asym,SOFT,21-30,dutch_grand_prix,91,0.9230769230769231,10.690556583811334
mondrian_asym,SOFT,6-10,bahrain_grand_prix,114,0.7105263157894737,5.86482942921712
mondrian_asym,SOFT,6-10,belgian_grand_prix,65,0.7538461538461538,8.778587340558573
mondrian_asym,SOFT,6-10,british_grand_prix,88,0.8863636363636364,9.173071903016531
mondrian_asym,SOFT,6-10,dutch_grand_prix,90,0.8333333333333334,13.134659380382042
mondrian_asym,SOFT,6-10,singapore_grand_prix,31,0.9354838709677419,8.525902871663723
mondrian_asym,SOFT,6-10,spanish_grand_prix,181,0.9005524861878453,7.395971834541892
mondrian_asym,SOFT,6-10,são_paulo_grand_prix,158,0.8481012658227848,9.230707734977287
